id,expiration_id,src_ip,src_mac,src_oui,src_port,dst_ip,dst_mac,dst_oui,dst_port,protocol,ip_version,vlan_id,tunnel_id,bidirectional_first_seen_ms,bidirectional_last_seen_ms,bidirectional_duration_ms,bidirectional_packets,bidirectional_bytes,src2dst_first_seen_ms,src2dst_last_seen_ms,src2dst_duration_ms,src2dst_packets,src2dst_bytes,dst2src_first_seen_ms,dst2src_last_seen_ms,dst2src_duration_ms,dst2src_packets,dst2src_bytes,application_name,application_category_name,application_is_guessed,application_confidence,requested_server_name,client_fingerprint,server_fingerprint,user_agent,content_type,udps.label,udps.flowsimhashvalue
0,0,"fe80::8fcd:a04c:ec94:e2bf","20:1e:88:5e:a0:9c","20:1e:88",5353,"ff02::fb","33:33:00:00:00:fb","33:33:00",5353,17,6,0,0,1678200177980,1678200194849,16869,135,16692,1678200177980,1678200194849,16869,135,16692,0,0,0,0,0,"MDNS","Network",0,6,"dadb9d64-09ba-45be-af86-ed5e38a78138.local","","","","","Network","5991442610"
1,0,"192.168.2.115","20:1e:88:5e:a0:9c","20:1e:88",49397,"125.39.9.36","2c:b2:1a:55:86:07","2c:b2:1a",19302,17,4,0,0,1678200178995,1678200189100,10105,4,408,1678200178995,1678200189051,10056,2,124,1678200179049,1678200189100,10051,2,284,"STUN","Network",1,3,"","","","","","Unspecified","7176409137"
2,0,"192.168.2.115","20:1e:88:5e:a0:9c","20:1e:88",49389,"114.244.127.81","2c:b2:1a:55:86:07","2c:b2:1a",43878,17,4,0,0,1678200179075,1678200195671,16596,68,11205,1678200179075,1678200195415,16340,35,6156,1678200179115,1678200195671,16556,33,5049,"STUN","Network",0,6,"","","","","","Unspecified","7073246386"
3,0,"192.168.2.115","20:1e:88:5e:a0:9c","20:1e:88",49401,"117.12.37.56","2c:b2:1a:55:86:07","2c:b2:1a",4160,17,4,0,0,1678200179084,1678200186992,7908,47,7826,1678200179084,1678200186913,7829,25,3975,1678200179127,1678200186992,7865,22,3851,"STUN","Network",0,6,"","","","","","Unspecified","6681479217"
4,0,"192.168.2.115","20:1e:88:5e:a0:9c","20:1e:88",22765,"218.194.224.231","2c:b2:1a:55:86:07","2c:b2:1a",443,6,4,0,0,1678200179247,1678200196706,17459,12,1382,1678200179247,1678200196594,17347,6,1058,1678200179364,1678200196706,17342,6,324,"TLS","Web",1,1,"","","","","","web","6400019251"
5,0,"192.168.2.115","20:1e:88:5e:a0:9c","20:1e:88",49403,"58.16.143.178","2c:b2:1a:55:86:07","2c:b2:1a",12556,17,4,0,0,1678200179693,1678200186971,7278,53,8874,1678200179693,1678200186913,7220,27,4593,1678200179719,1678200186971,7252,26,4281,"STUN","Network",0,6,"","","","","","Unspecified","6433802547"
6,0,"192.168.2.115","20:1e:88:5e:a0:9c","20:1e:88",55554,"27.195.126.66","2c:b2:1a:55:86:07","2c:b2:1a",4480,17,4,0,0,1678200180098,1678200186992,6894,18,2160,1678200180098,1678200186911,6813,10,1193,1678200180158,1678200186992,6834,8,967,"STUN","Network",0,6,"","","","","","Unspecified","7490390321"
7,0,"192.168.2.115","20:1e:88:5e:a0:9c","20:1e:88",55558,"27.195.126.67","2c:b2:1a:55:86:07","2c:b2:1a",4480,17,4,0,0,1678200180099,1678200186992,6893,18,2160,1678200180099,1678200186911,6812,10,1193,1678200180153,1678200186992,6839,8,967,"STUN","Network",0,6,"","","","","","Unspecified","6698108979"
8,0,"192.168.2.115","20:1e:88:5e:a0:9c","20:1e:88",58562,"125.39.9.36","2c:b2:1a:55:86:07","2c:b2:1a",19302,17,4,0,0,1678200180996,1678200191132,10136,4,408,1678200180996,1678200191074,10078,2,124,1678200181053,1678200191132,10079,2,284,"STUN","Network",1,3,"","","","","","Unspecified","7031698610"
9,0,"192.168.2.115","20:1e:88:5e:a0:9c","20:1e:88",58572,"125.39.9.36","2c:b2:1a:55:86:07","2c:b2:1a",19302,17,4,0,0,1678200180996,1678200191126,10130,4,408,1678200180996,1678200191074,10078,2,124,1678200181051,1678200191126,10075,2,284,"STUN","Network",1,3,"","","","","","Unspecified","7040021682"
10,0,"192.168.2.115","20:1e:88:5e:a0:9c","20:1e:88",58564,"123.115.215.1","2c:b2:1a:55:86:07","2c:b2:1a",59175,17,4,0,0,1678200181079,1678200196740,15661,68,11478,1678200181079,1678200196669,15590,34,6202,1678200181112,1678200196740,15628,34,5276,"STUN","Network",0,6,"","","","","","Unspecified","8452995504"
11,0,"192.168.2.115","20:1e:88:5e:a0:9c","20:1e:88",58582,"125.39.9.36","2c:b2:1a:55:86:07","2c:b2:1a",19302,17,4,0,0,1678200183022,1678200193156,10134,4,408,1678200183022,1678200193098,10076,2,124,1678200183087,1678200193156,10069,2,284,"STUN","Network",1,3,"","","","","","Unspecified","7040020658"
12,0,"192.168.2.115","20:1e:88:5e:a0:9c","20:1e:88",58574,"111.194.75.2","2c:b2:1a:55:86:07","2c:b2:1a",11877,17,4,0,0,1678200183103,1678200196092,12989,64,10679,1678200183103,1678200196092,12989,32,5801,1678200183159,1678200196092,12933,32,4878,"STUN","Network",0,6,"","","","","","Unspecified","6144018481"
13,0,"192.168.2.115","20:1e:88:5e:a0:9c","20:1e:88",49395,"124.218.202.154","2c:b2:1a:55:86:07","2c:b2:1a",59096,17,4,0,0,1678200183474,1678200196054,12580,71,11888,1678200183474,1678200195599,12125,37,6770,1678200183486,1678200196054,12568,34,5118,"STUN","Network",0,6,"","","","","","Unspecified","8547979057"
14,0,"192.168.2.115","20:1e:88:5e:a0:9c","20:1e:88",55552,"125.39.9.36","2c:b2:1a:55:86:07","2c:b2:1a",19302,17,4,0,0,1678200185126,1678200185179,53,2,204,1678200185126,1678200185126,0,1,62,1678200185179,1678200185179,0,1,142,"STUN","Network",1,3,"","","","","","Unspecified","7176327735"
15,0,"192.168.2.115","20:1e:88:5e:a0:9c","20:1e:88",55562,"125.39.9.36","2c:b2:1a:55:86:07","2c:b2:1a",19302,17,4,0,0,1678200185126,1678200185187,61,2,204,1678200185126,1678200185126,0,1,62,1678200185187,1678200185187,0,1,142,"STUN","Network",1,3,"","","","","","Unspecified","7167956529"
16,0,"192.168.2.115","20:1e:88:5e:a0:9c","20:1e:88",58592,"125.39.9.36","2c:b2:1a:55:86:07","2c:b2:1a",19302,17,4,0,0,1678200186931,1678200186992,61,2,204,1678200186931,1678200186931,0,1,62,1678200186992,1678200186992,0,1,142,"STUN","Network",1,3,"","","","","","Unspecified","7312651186"
17,0,"192.168.2.115","20:1e:88:5e:a0:9c","20:1e:88",58602,"125.39.9.36","2c:b2:1a:55:86:07","2c:b2:1a",19302,17,4,0,0,1678200186931,1678200186992,61,2,204,1678200186931,1678200186931,0,1,62,1678200186992,1678200186992,0,1,142,"STUN","Network",1,3,"","","","","","Unspecified","7314355122"
18,0,"192.168.2.115","20:1e:88:5e:a0:9c","20:1e:88",49377,"125.39.9.36","2c:b2:1a:55:86:07","2c:b2:1a",19302,17,4,0,0,1678200187075,1678200187146,71,2,204,1678200187075,1678200187075,0,1,62,1678200187146,1678200187146,0,1,142,"STUN","Network",1,3,"","","","","","Unspecified","7448891703"
19,0,"192.168.2.115","20:1e:88:5e:a0:9c","20:1e:88",49387,"125.39.9.36","2c:b2:1a:55:86:07","2c:b2:1a",19302,17,4,0,0,1678200187075,1678200187146,71,2,204,1678200187075,1678200187075,0,1,62,1678200187146,1678200187146,0,1,142,"STUN","Network",1,3,"","","","","","Unspecified","7176327223"
20,0,"192.168.2.115","20:1e:88:5e:a0:9c","20:1e:88",58598,"27.195.126.57","2c:b2:1a:55:86:07","2c:b2:1a",4480,17,4,0,0,1678200187097,1678200188765,1668,43,6848,1678200187097,1678200188723,1626,23,3618,1678200187146,1678200188765,1619,20,3230,"STUN","Network",0,6,"","","","","","Unspecified","6809414064"
21,0,"192.168.2.115","20:1e:88:5e:a0:9c","20:1e:88",58596,"58.20.156.33","2c:b2:1a:55:86:07","2c:b2:1a",4480,17,4,0,0,1678200187098,1678200188755,1657,42,6739,1678200187098,1678200188722,1624,23,3616,1678200187146,1678200188755,1609,19,3123,"STUN","Network",0,6,"","","","","","Unspecified","6272395698"
22,0,"192.168.2.115","20:1e:88:5e:a0:9c","20:1e:88",58606,"139.214.75.101","2c:b2:1a:55:86:07","2c:b2:1a",49823,17,4,0,0,1678200187099,1678200195754,8655,55,9928,1678200187099,1678200195551,8452,28,5458,1678200187146,1678200195754,8608,27,4470,"STUN","Network",0,6,"","","","","","Unspecified","7243525297"
23,0,"192.168.2.115","20:1e:88:5e:a0:9c","20:1e:88",58612,"125.39.9.36","2c:b2:1a:55:86:07","2c:b2:1a",19302,17,4,0,0,1678200188002,1678200188062,60,2,204,1678200188002,1678200188002,0,1,62,1678200188062,1678200188062,0,1,142,"STUN","Network",1,3,"","","","","","Unspecified","7039627954"
24,0,"192.168.2.115","20:1e:88:5e:a0:9c","20:1e:88",58622,"125.39.9.36","2c:b2:1a:55:86:07","2c:b2:1a",19302,17,4,0,0,1678200188002,1678200188062,60,2,204,1678200188002,1678200188002,0,1,62,1678200188062,1678200188062,0,1,142,"STUN","Network",1,3,"","","","","","Unspecified","7041856182"
25,0,"192.168.2.115","20:1e:88:5e:a0:9c","20:1e:88",58610,"123.118.175.113","2c:b2:1a:55:86:07","2c:b2:1a",62404,17,4,0,0,1678200188147,1678200196546,8399,59,9713,1678200188147,1678200196546,8399,30,5186,1678200188178,1678200196545,8367,29,4527,"STUN","Network",0,6,"","","","","","Unspecified","6441879857"
26,0,"192.168.2.115","20:1e:88:5e:a0:9c","20:1e:88",58614,"1.190.146.228","2c:b2:1a:55:86:07","2c:b2:1a",42785,17,4,0,0,1678200188147,1678200193228,5081,52,8431,1678200188147,1678200193228,5081,26,4329,1678200188212,1678200193228,5016,26,4102,"STUN","Network",0,6,"","","","","","Unspecified","6408817457"
27,0,"192.168.2.115","20:1e:88:5e:a0:9c","20:1e:88",58632,"125.39.9.36","2c:b2:1a:55:86:07","2c:b2:1a",19302,17,4,0,0,1678200188749,1678200188811,62,2,204,1678200188749,1678200188749,0,1,62,1678200188811,1678200188811,0,1,142,"STUN","Network",1,3,"","","","","","Unspecified","7312389046"
28,0,"192.168.2.115","20:1e:88:5e:a0:9c","20:1e:88",58642,"125.39.9.36","2c:b2:1a:55:86:07","2c:b2:1a",19302,17,4,0,0,1678200188749,1678200188811,62,2,204,1678200188749,1678200188749,0,1,62,1678200188811,1678200188811,0,1,142,"STUN","Network",1,3,"","","","","","Unspecified","7314617270"
29,0,"192.168.2.115","20:1e:88:5e:a0:9c","20:1e:88",58642,"119.50.74.214","2c:b2:1a:55:86:07","2c:b2:1a",2775,17,4,0,0,1678200188898,1678200196587,7689,54,9436,1678200188898,1678200196525,7627,27,4995,1678200188914,1678200196587,7673,27,4441,"STUN","Network",0,6,"","","","","","Unspecified","6945720629"
30,0,"192.168.2.115","20:1e:88:5e:a0:9c","20:1e:88",5904,"106.11.43.158","2c:b2:1a:55:86:07","2c:b2:1a",443,6,4,0,0,1678200189473,1678200189529,56,2,121,1678200189473,1678200189473,0,1,55,1678200189529,1678200189529,0,1,66,"TLS","Web",1,1,"","","","","","web","6945501111"
31,0,"192.168.2.115","20:1e:88:5e:a0:9c","20:1e:88",5923,"111.123.54.251","2c:b2:1a:55:86:07","2c:b2:1a",443,6,4,0,0,1678200190090,1678200190107,17,2,121,1678200190090,1678200190090,0,1,55,1678200190107,1678200190107,0,1,66,"TLS","Web",1,1,"","","","","","web","6570228918"
32,0,"192.168.2.115","20:1e:88:5e:a0:9c","20:1e:88",5921,"114.112.207.37","2c:b2:1a:55:86:07","2c:b2:1a",443,6,4,0,0,1678200190254,1678200190301,47,2,121,1678200190254,1678200190254,0,1,55,1678200190301,1678200190301,0,1,66,"TLS","Web",1,1,"","","","","","web","7379827126"
33,0,"192.168.2.115","20:1e:88:5e:a0:9c","20:1e:88",5933,"49.79.227.164","2c:b2:1a:55:86:07","2c:b2:1a",443,6,4,0,0,1678200190473,1678200190517,44,2,121,1678200190473,1678200190473,0,1,55,1678200190517,1678200190517,0,1,66,"TLS","Web",1,1,"","","","","","web","6698155187"
34,0,"192.168.2.115","20:1e:88:5e:a0:9c","20:1e:88",4557,"120.241.44.38","2c:b2:1a:55:86:07","2c:b2:1a",10014,6,4,0,0,1678200190489,1678200193491,3002,7,731,1678200190489,1678200193448,2959,3,375,1678200190533,1678200193491,2958,4,356,"TLS","Web",0,6,"","","","","","Web","7346286000"
35,0,"192.168.2.115","20:1e:88:5e:a0:9c","20:1e:88",58652,"125.39.9.36","2c:b2:1a:55:86:07","2c:b2:1a",19302,17,4,0,0,1678200194699,1678200194749,50,2,204,1678200194699,1678200194699,0,1,62,1678200194749,1678200194749,0,1,142,"STUN","Network",1,3,"","","","","","Unspecified","7040021174"
36,0,"192.168.2.115","20:1e:88:5e:a0:9c","20:1e:88",58662,"125.39.9.36","2c:b2:1a:55:86:07","2c:b2:1a",19302,17,4,0,0,1678200194699,1678200194760,61,2,204,1678200194699,1678200194699,0,1,62,1678200194760,1678200194760,0,1,142,"STUN","Network",1,3,"","","","","","Unspecified","7042118322"
37,0,"192.168.2.115","20:1e:88:5e:a0:9c","20:1e:88",58660,"123.116.102.205","2c:b2:1a:55:86:07","2c:b2:1a",49818,17,4,0,0,1678200194842,1678200196135,1293,40,7933,1678200194842,1678200196084,1242,20,4201,1678200194870,1678200196135,1265,20,3732,"STUN","Network",0,6,"","","","","","Unspecified","8411639216"
38,0,"192.168.2.115","20:1e:88:5e:a0:9c","20:1e:88",58662,"123.146.203.226","2c:b2:1a:55:86:07","2c:b2:1a",9784,17,4,0,0,1678200194842,1678200196107,1265,41,7885,1678200194842,1678200196084,1242,20,4367,1678200194862,1678200196107,1245,21,3518,"STUN","Network",0,6,"","","","","","Unspecified","6639539253"
39,0,"192.168.2.115","20:1e:88:5e:a0:9c","20:1e:88",58658,"120.201.234.123","2c:b2:1a:55:86:07","2c:b2:1a",11442,17,4,0,0,1678200195114,1678200196859,1745,28,3976,1678200195114,1678200196859,1745,28,3976,0,0,0,0,0,"STUN","Network",0,6,"","","","","","Unspecified","6032877744"
40,0,"192.168.2.115","20:1e:88:5e:a0:9c","20:1e:88",51772,"192.168.2.1","2c:b2:1a:55:86:07","2c:b2:1a",53,17,4,0,0,1678200196117,1678200196135,18,2,273,1678200196117,1678200196117,0,1,78,1678200196135,1678200196135,0,1,195,"DNS","Network",0,6,"valp.atm.youku.com","","","","","dns","6528167088"
41,0,"192.168.2.115","20:1e:88:5e:a0:9c","20:1e:88",55562,"124.88.101.196","2c:b2:1a:55:86:07","2c:b2:1a",12611,17,4,0,0,1678200177749,1678200190162,12413,198,28116,1678200177749,1678200190162,12413,198,28116,0,0,0,0,0,"STUN","Network",0,6,"","","","","","Unspecified","7448514865"
42,0,"111.85.58.207","2c:b2:1a:55:86:07","2c:b2:1a",8288,"192.168.2.115","20:1e:88:5e:a0:9c","20:1e:88",55568,17,4,0,0,1678200178036,1678200186982,8946,24,2822,1678200178036,1678200186982,8946,12,1417,1678200178036,1678200186912,8876,12,1405,"STUN","Network",0,6,"","","","","","Unspecified","6631150641"
43,0,"192.168.2.115","20:1e:88:5e:a0:9c","20:1e:88",49387,"111.197.255.24","2c:b2:1a:55:86:07","2c:b2:1a",3287,17,4,0,0,1678200178328,1678200194630,16302,36,4624,1678200178328,1678200194575,16247,18,2506,1678200178366,1678200194630,16264,18,2118,"STUN","Network",0,6,"","","","","","Unspecified","7356443568"
44,0,"192.168.2.115","20:1e:88:5e:a0:9c","20:1e:88",49395,"125.39.9.36","2c:b2:1a:55:86:07","2c:b2:1a",19302,17,4,0,0,1678200178995,1678200189110,10115,4,408,1678200178995,1678200189051,10056,2,124,1678200179049,1678200189110,10061,2,284,"STUN","Network",1,3,"","","","","","Unspecified","7449022775"
45,0,"192.168.2.115","20:1e:88:5e:a0:9c","20:1e:88",49405,"125.39.9.36","2c:b2:1a:55:86:07","2c:b2:1a",19302,17,4,0,0,1678200178995,1678200189122,10127,4,408,1678200178995,1678200189068,10073,2,124,1678200179063,1678200189122,10059,2,284,"STUN","Network",1,3,"","","","","","Unspecified","7448891703"
46,0,"119.0.102.252","2c:b2:1a:55:86:07","2c:b2:1a",443,"192.168.2.115","20:1e:88:5e:a0:9c","20:1e:88",5942,6,4,0,0,1678200179283,1678200179283,0,1,54,1678200179283,1678200179283,0,1,54,0,0,0,0,0,"TLS","Web",1,1,"","","","","","Unspecified","7381810610"
47,0,"192.168.2.115","20:1e:88:5e:a0:9c","20:1e:88",58555,"192.168.2.1","2c:b2:1a:55:86:07","2c:b2:1a",53,17,4,0,0,1678200179414,1678200179435,21,2,264,1678200179414,1678200179414,0,1,74,1678200179435,1678200179435,0,1,190,"DNS.Alibaba","Network",0,6,"yt1.mmstat.com","","","","","dns","6903632183"
48,0,"123.119.185.213","2c:b2:1a:55:86:07","2c:b2:1a",34126,"192.168.2.115","20:1e:88:5e:a0:9c","20:1e:88",55566,17,4,0,0,1678200179942,1678200188367,8425,23,3037,1678200179942,1678200188367,8425,11,1279,1678200179943,1678200188367,8424,12,1758,"STUN","Network",0,6,"","","","","","Unspecified","7314764208"
49,0,"192.168.2.115","20:1e:88:5e:a0:9c","20:1e:88",55552,"110.72.96.56","2c:b2:1a:55:86:07","2c:b2:1a",4480,17,4,0,0,1678200180130,1678200186984,6854,18,2160,1678200180130,1678200186910,6780,10,1193,1678200180158,1678200186984,6826,8,967,"STUN","Network",0,6,"","","","","","Unspecified","7218284597"
50,0,"192.168.2.115","20:1e:88:5e:a0:9c","20:1e:88",58560,"125.39.9.36","2c:b2:1a:55:86:07","2c:b2:1a",19302,17,4,0,0,1678200180996,1678200181053,57,2,204,1678200180996,1678200180996,0,1,62,1678200181053,1678200181053,0,1,142,"STUN","Network",1,3,"","","","","","Unspecified","7167954993"
51,0,"192.168.2.115","20:1e:88:5e:a0:9c","20:1e:88",58570,"125.39.9.36","2c:b2:1a:55:86:07","2c:b2:1a",19302,17,4,0,0,1678200180996,1678200181053,57,2,204,1678200180996,1678200180996,0,1,62,1678200181053,1678200181053,0,1,142,"STUN","Network",1,3,"","","","","","Unspecified","7042134192"
52,0,"192.168.2.115","20:1e:88:5e:a0:9c","20:1e:88",58556,"123.113.80.22","2c:b2:1a:55:86:07","2c:b2:1a",24497,17,4,0,0,1678200181079,1678200186992,5913,55,9152,1678200181079,1678200186914,5835,27,4810,1678200181112,1678200186992,5880,28,4342,"STUN","Network",0,6,"","","","","","Unspecified","7168021561"
53,0,"192.168.2.115","20:1e:88:5e:a0:9c","20:1e:88",58580,"125.39.9.36","2c:b2:1a:55:86:07","2c:b2:1a",19302,17,4,0,0,1678200183022,1678200183087,65,2,204,1678200183022,1678200183022,0,1,62,1678200183087,1678200183087,0,1,142,"STUN","Network",1,3,"","","","","","Unspecified","7024832688"
54,0,"192.168.2.115","20:1e:88:5e:a0:9c","20:1e:88",58590,"125.39.9.36","2c:b2:1a:55:86:07","2c:b2:1a",19302,17,4,0,0,1678200183022,1678200193156,10134,4,408,1678200183022,1678200193098,10076,2,124,1678200183087,1678200193156,10069,2,284,"STUN","Network",1,3,"","","","","","Unspecified","7312142768"
55,0,"192.168.2.115","20:1e:88:5e:a0:9c","20:1e:88",58586,"202.99.113.252","2c:b2:1a:55:86:07","2c:b2:1a",18055,17,4,0,0,1678200183215,1678200196859,13644,218,30956,1678200183215,1678200196859,13644,218,30956,0,0,0,0,0,"STUN","Network",0,6,"","","","","","Unspecified","6912151863"
56,0,"192.168.2.115","20:1e:88:5e:a0:9c","20:1e:88",58588,"221.10.43.198","2c:b2:1a:55:86:07","2c:b2:1a",19867,17,4,0,0,1678200183215,1678200196859,13644,218,30956,1678200183215,1678200196859,13644,218,30956,0,0,0,0,0,"STUN","Network",0,6,"","","","","","Unspecified","7176327735"
57,0,"192.168.2.115","20:1e:88:5e:a0:9c","20:1e:88",55560,"125.39.9.36","2c:b2:1a:55:86:07","2c:b2:1a",19302,17,4,0,0,1678200185126,1678200185193,67,2,204,1678200185126,1678200185126,0,1,62,1678200185193,1678200185193,0,1,142,"STUN","Network",1,3,"","","","","","Unspecified","7167956017"
58,0,"192.168.2.115","20:1e:88:5e:a0:9c","20:1e:88",5955,"106.8.151.228","2c:b2:1a:55:86:07","2c:b2:1a",80,6,4,0,0,1678200186384,1678200186584,200,16,4688,1678200186384,1678200186512,128,8,4008,1678200186443,1678200186584,141,8,680,"HTTP.Alibaba","Web",0,6,"static-pcs-sdk-server.alibaba.com","","","WinHttpClient","application/json","web","7499308341"
59,0,"192.168.2.115","20:1e:88:5e:a0:9c","20:1e:88",5911,"47.92.40.19","2c:b2:1a:55:86:07","2c:b2:1a",443,6,4,0,0,1678200186819,1678200194670,7851,75,31843,1678200186819,1678200194614,7795,35,11899,1678200186896,1678200194670,7774,40,19944,"TLS","Web",0,6,"","","","","","web","8300415029"
60,0,"192.168.2.115","20:1e:88:5e:a0:9c","20:1e:88",58600,"125.39.9.36","2c:b2:1a:55:86:07","2c:b2:1a",19302,17,4,0,0,1678200186931,1678200186992,61,2,204,1678200186931,1678200186931,0,1,62,1678200186992,1678200186992,0,1,142,"STUN","Network",1,3,"","","","","","Unspecified","7042118322"
61,0,"192.168.2.115","20:1e:88:5e:a0:9c","20:1e:88",49375,"125.39.9.36","2c:b2:1a:55:86:07","2c:b2:1a",19302,17,4,0,0,1678200187075,1678200187146,71,2,204,1678200187075,1678200187075,0,1,62,1678200187146,1678200187146,0,1,142,"STUN","Network",1,3,"","","","","","Unspecified","6912038197"
62,0,"192.168.2.115","20:1e:88:5e:a0:9c","20:1e:88",58610,"125.39.9.36","2c:b2:1a:55:86:07","2c:b2:1a",19302,17,4,0,0,1678200188001,1678200188062,61,2,204,1678200188001,1678200188001,0,1,62,1678200188062,1678200188062,0,1,142,"STUN","Network",1,3,"","","","","","Unspecified","7040020658"
63,0,"192.168.2.115","20:1e:88:5e:a0:9c","20:1e:88",58620,"125.39.9.36","2c:b2:1a:55:86:07","2c:b2:1a",19302,17,4,0,0,1678200188002,1678200188062,60,2,204,1678200188002,1678200188002,0,1,62,1678200188062,1678200188062,0,1,142,"STUN","Network",1,3,"","","","","","Unspecified","7025357492"
64,0,"192.168.2.115","20:1e:88:5e:a0:9c","20:1e:88",58620,"112.64.62.233","2c:b2:1a:55:86:07","2c:b2:1a",19686,17,4,0,0,1678200188147,1678200196836,8689,53,9053,1678200188147,1678200196836,8689,27,4843,1678200188182,1678200196835,8653,26,4210,"STUN","Network",0,6,"","","","","","Unspecified","7041873072"
65,0,"192.168.2.115","20:1e:88:5e:a0:9c","20:1e:88",58630,"125.39.9.36","2c:b2:1a:55:86:07","2c:b2:1a",19302,17,4,0,0,1678200188749,1678200188811,62,2,204,1678200188749,1678200188749,0,1,62,1678200188811,1678200188811,0,1,142,"STUN","Network",1,3,"","","","","","Unspecified","7023260340"
66,0,"192.168.2.115","20:1e:88:5e:a0:9c","20:1e:88",58640,"125.39.9.36","2c:b2:1a:55:86:07","2c:b2:1a",19302,17,4,0,0,1678200188749,1678200188811,62,2,204,1678200188749,1678200188749,0,1,62,1678200188811,1678200188811,0,1,142,"STUN","Network",1,3,"","","","","","Unspecified","7042117814"
67,0,"192.168.2.115","20:1e:88:5e:a0:9c","20:1e:88",58638,"222.128.173.61","2c:b2:1a:55:86:07","2c:b2:1a",53909,17,4,0,0,1678200188823,1678200194630,5807,54,8665,1678200188823,1678200194577,5754,27,4435,1678200188880,1678200194630,5750,27,4230,"STUN","Network",0,6,"","","","","","Unspecified","6272018864"
68,0,"192.168.2.115","20:1e:88:5e:a0:9c","20:1e:88",58630,"218.60.173.125","2c:b2:1a:55:86:07","2c:b2:1a",4480,17,4,0,0,1678200188829,1678200194648,5819,52,8004,1678200188829,1678200194578,5749,28,4242,1678200188880,1678200194648,5768,24,3762,"STUN","Network",0,6,"","","","","","Unspecified","6809414064"
69,0,"192.168.2.115","20:1e:88:5e:a0:9c","20:1e:88",58632,"218.60.173.113","2c:b2:1a:55:86:07","2c:b2:1a",4480,17,4,0,0,1678200188829,1678200194639,5810,51,7910,1678200188829,1678200194578,5749,27,4132,1678200188880,1678200194639,5759,24,3778,"STUN","Network",0,6,"","","","","","Unspecified","6800649650"
70,0,"192.168.2.115","20:1e:88:5e:a0:9c","20:1e:88",5886,"219.153.35.252","2c:b2:1a:55:86:07","2c:b2:1a",443,6,4,0,0,1678200188906,1678200196497,7591,13,2625,1678200188906,1678200196438,7532,5,449,1678200188924,1678200196497,7573,8,2176,"TLS","Web",1,1,"","","","","","web","6672723127"
71,0,"192.168.2.115","20:1e:88:5e:a0:9c","20:1e:88",5889,"106.11.43.246","2c:b2:1a:55:86:07","2c:b2:1a",443,6,4,0,0,1678200189074,1678200189128,54,2,121,1678200189074,1678200189074,0,1,55,1678200189128,1678200189128,0,1,66,"TLS","Web",1,1,"","","","","","web","6844693938"
72,0,"192.168.2.115","20:1e:88:5e:a0:9c","20:1e:88",5847,"49.79.227.198","2c:b2:1a:55:86:07","2c:b2:1a",443,6,4,0,0,1678200189241,1678200189294,53,2,121,1678200189241,1678200189241,0,1,55,1678200189294,1678200189294,0,1,66,"TLS","Web",1,1,"","","","","","web","7448834999"
73,0,"192.168.2.115","20:1e:88:5e:a0:9c","20:1e:88",1997,"108.177.125.188","2c:b2:1a:55:86:07","2c:b2:1a",5228,6,4,0,0,1678200190538,1678200190597,59,2,121,1678200190538,1678200190538,0,1,55,1678200190597,1678200190597,0,1,66,"Unknown","Unspecified",0,0,"","","","","","Unspecified","8547511219"
74,0,"192.168.2.115","20:1e:88:5e:a0:9c","20:1e:88",58650,"125.39.9.36","2c:b2:1a:55:86:07","2c:b2:1a",19302,17,4,0,0,1678200194698,1678200194751,53,2,204,1678200194698,1678200194698,0,1,62,1678200194751,1678200194751,0,1,142,"STUN","Network",1,3,"","","","","","Unspecified","7040021174"
75,0,"192.168.2.115","20:1e:88:5e:a0:9c","20:1e:88",58660,"125.39.9.36","2c:b2:1a:55:86:07","2c:b2:1a",19302,17,4,0,0,1678200194699,1678200194760,61,2,204,1678200194699,1678200194699,0,1,62,1678200194760,1678200194760,0,1,142,"STUN","Network",1,3,"","","","","","Unspecified","7042134192"
76,0,"192.168.2.115","20:1e:88:5e:a0:9c","20:1e:88",58654,"114.250.177.64","2c:b2:1a:55:86:07","2c:b2:1a",21012,17,4,0,0,1678200194784,1678200196092,1308,43,8131,1678200194784,1678200196092,1308,21,4473,1678200194836,1678200196092,1256,22,3658,"STUN","Network",0,6,"","","","","","Unspecified","7023260340"
77,0,"192.168.2.115","20:1e:88:5e:a0:9c","20:1e:88",58646,"58.20.156.36","2c:b2:1a:55:86:07","2c:b2:1a",4480,17,4,0,0,1678200194841,1678200196120,1279,39,6457,1678200194841,1678200196120,1279,20,3308,1678200194874,1678200196120,1246,19,3149,"STUN","Network",0,6,"","","","","","Unspecified","6945573171"
78,0,"192.168.2.115","20:1e:88:5e:a0:9c","20:1e:88",5965,"106.11.43.215","2c:b2:1a:55:86:07","2c:b2:1a",443,6,4,0,0,1678200196136,1678200196411,275,25,10880,1678200196136,1678200196411,275,11,3068,1678200196196,1678200196411,215,14,7812,"TLS.Alibaba","Web",0,6,"valp.atm.youku.com","fcd7fea8eaf7d6af3334b9b8dfd20ee0","afbc203706421f15554867b55caf16d6","","","web","7516184375"
79,0,"192.168.2.115","20:1e:88:5e:a0:9c","20:1e:88",49379,"175.154.176.191","2c:b2:1a:55:86:07","2c:b2:1a",27323,17,4,0,0,1678200177706,1678200192073,14367,228,32376,1678200177706,1678200192073,14367,228,32376,0,0,0,0,0,"STUN","Network",0,6,"","","","","","Unspecified","7312650678"
80,0,"192.168.2.115","20:1e:88:5e:a0:9c","20:1e:88",49371,"111.201.150.3","2c:b2:1a:55:86:07","2c:b2:1a",20891,17,4,0,0,1678200177974,1678200187083,9109,59,10306,1678200177974,1678200186913,8939,30,5673,1678200178026,1678200187083,9057,29,4633,"STUN","Network",0,6,"","","","","","Unspecified","7235061809"
81,0,"157.148.54.156","2c:b2:1a:55:86:07","2c:b2:1a",8000,"192.168.2.115","20:1e:88:5e:a0:9c","20:1e:88",4028,17,4,0,0,1678200178730,1678200194396,15666,6,774,1678200178730,1678200194396,15666,6,774,0,0,0,0,0,"Unknown","Unspecified",0,0,"","","","","","Unspecified","6383389489"
82,0,"192.168.2.115","20:1e:88:5e:a0:9c","20:1e:88",49391,"125.39.9.36","2c:b2:1a:55:86:07","2c:b2:1a",19302,17,4,0,0,1678200178995,1678200189110,10115,4,408,1678200178995,1678200189051,10056,2,124,1678200179049,1678200189110,10061,2,284,"STUN","Network",1,3,"","","","","","Unspecified","7449022771"
83,0,"192.168.2.115","20:1e:88:5e:a0:9c","20:1e:88",49401,"125.39.9.36","2c:b2:1a:55:86:07","2c:b2:1a",19302,17,4,0,0,1678200178995,1678200179063,68,2,204,1678200178995,1678200178995,0,1,62,1678200179063,1678200179063,0,1,142,"STUN","Network",1,3,"","","","","","Unspecified","7449022771"
84,0,"192.168.2.115","20:1e:88:5e:a0:9c","20:1e:88",49405,"123.139.23.127","2c:b2:1a:55:86:07","2c:b2:1a",18580,17,4,0,0,1678200179125,1678200195671,16546,68,10966,1678200179125,1678200195414,16289,34,5947,1678200179134,1678200195671,16537,34,5019,"STUN","Network",0,6,"","","","","","Unspecified","6631002163"
85,0,"192.168.2.115","20:1e:88:5e:a0:9c","20:1e:88",5950,"114.112.207.37","2c:b2:1a:55:86:07","2c:b2:1a",443,6,4,0,0,1678200179436,1678200189447,10011,32,9800,1678200179436,1678200189338,9902,16,3353,1678200179485,1678200189447,9962,16,6447,"TLS.Alibaba","Web",0,6,"yt1.mmstat.com","39702233bf566f395266354013f18db1","b898351eb5e266aefd3723d466935494","","","web","6945763253"
86,0,"218.194.224.231","2c:b2:1a:55:86:07","2c:b2:1a",443,"192.168.2.115","20:1e:88:5e:a0:9c","20:1e:88",22764,6,4,0,0,1678200179466,1678200196875,17409,11,2064,1678200179466,1678200196875,17409,6,1794,1678200179511,1678200196765,17254,5,270,"TLS","Web",1,1,"","","","","","Unspecified","6400084275"
87,0,"192.168.2.115","20:1e:88:5e:a0:9c","20:1e:88",55556,"58.20.156.37","2c:b2:1a:55:86:07","2c:b2:1a",4480,17,4,0,0,1678200180099,1678200196117,16018,32,4052,1678200180099,1678200196117,16018,16,2032,1678200180130,1678200196117,15987,16,2020,"STUN","Network",0,6,"","","","","","Unspecified","7431541041"
88,0,"192.168.2.115","20:1e:88:5e:a0:9c","20:1e:88",5951,"106.8.151.228","2c:b2:1a:55:86:07","2c:b2:1a",80,6,4,0,0,1678200180171,1678200180364,193,16,4688,1678200180171,1678200180306,135,8,4008,1678200180237,1678200180364,127,8,680,"HTTP.Alibaba","Web",0,6,"static-pcs-sdk-server.alibaba.com","","","WinHttpClient","application/json","web","6962532149"
89,0,"192.168.2.115","20:1e:88:5e:a0:9c","20:1e:88",49397,"221.241.189.209","2c:b2:1a:55:86:07","2c:b2:1a",53561,17,4,0,0,1678200180733,1678200195709,14976,239,33938,1678200180733,1678200195709,14976,239,33938,0,0,0,0,0,"STUN","Network",0,6,"","","","","","Unspecified","8455613360"
90,0,"192.168.2.115","20:1e:88:5e:a0:9c","20:1e:88",49399,"175.153.169.225","2c:b2:1a:55:86:07","2c:b2:1a",17832,17,4,0,0,1678200180942,1678200195903,14961,238,33796,1678200180942,1678200195903,14961,238,33796,0,0,0,0,0,"STUN","Network",0,6,"","","","","","Unspecified","7176327735"
91,0,"192.168.2.115","20:1e:88:5e:a0:9c","20:1e:88",58556,"125.39.9.36","2c:b2:1a:55:86:07","2c:b2:1a",19302,17,4,0,0,1678200180996,1678200181051,55,2,204,1678200180996,1678200180996,0,1,62,1678200181051,1678200181051,0,1,142,"STUN","Network",1,3,"","","","","","Unspecified","7040021174"
92,0,"192.168.2.115","20:1e:88:5e:a0:9c","20:1e:88",58566,"125.39.9.36","2c:b2:1a:55:86:07","2c:b2:1a",19302,17,4,0,0,1678200180996,1678200191132,10136,4,408,1678200180996,1678200191074,10078,2,124,1678200181053,1678200191132,10079,2,284,"STUN","Network",1,3,"","","","","","Unspecified","7040021174"
93,0,"192.168.2.115","20:1e:88:5e:a0:9c","20:1e:88",58570,"110.241.39.166","2c:b2:1a:55:86:07","2c:b2:1a",23372,17,4,0,0,1678200181123,1678200186992,5869,52,8207,1678200181123,1678200186915,5792,26,4222,1678200181176,1678200186992,5816,26,3985,"STUN","Network",0,6,"","","","","","Unspecified","7306442168"
94,0,"192.168.2.115","20:1e:88:5e:a0:9c","20:1e:88",1034,"218.194.224.231","2c:b2:1a:55:86:07","2c:b2:1a",443,6,4,0,0,1678200182795,1678200193055,10260,6,600,1678200182795,1678200193055,10260,4,322,1678200182907,1678200193009,10102,2,278,"TLS","Web",0,6,"","","","","","web","7482634165"
95,0,"192.168.2.115","20:1e:88:5e:a0:9c","20:1e:88",58576,"125.39.9.36","2c:b2:1a:55:86:07","2c:b2:1a",19302,17,4,0,0,1678200183021,1678200183077,56,2,204,1678200183021,1678200183021,0,1,62,1678200183077,1678200183077,0,1,142,"STUN","Network",1,3,"","","","","","Unspecified","7042117814"
96,0,"192.168.2.115","20:1e:88:5e:a0:9c","20:1e:88",58586,"125.39.9.36","2c:b2:1a:55:86:07","2c:b2:1a",19302,17,4,0,0,1678200183022,1678200193138,10116,4,408,1678200183022,1678200193087,10065,2,124,1678200183077,1678200193138,10061,2,284,"STUN","Network",1,3,"","","","","","Unspecified","7040021174"
97,0,"192.168.2.115","20:1e:88:5e:a0:9c","20:1e:88",58582,"123.112.67.60","2c:b2:1a:55:86:07","2c:b2:1a",19578,17,4,0,0,1678200183213,1678200194639,11426,63,10464,1678200183213,1678200194576,11363,31,5665,1678200183268,1678200194639,11371,32,4799,"STUN","Network",0,6,"","","","","","Unspecified","7167954993"
98,0,"192.168.2.115","20:1e:88:5e:a0:9c","20:1e:88",58576,"117.12.232.31","2c:b2:1a:55:86:07","2c:b2:1a",30049,17,4,0,0,1678200183215,1678200186992,3777,49,8595,1678200183215,1678200186915,3700,25,4401,1678200183247,1678200186992,3745,24,4194,"STUN","Network",0,6,"","","","","","Unspecified","6912020791"
99,0,"192.168.2.115","20:1e:88:5e:a0:9c","20:1e:88",55556,"125.39.9.36","2c:b2:1a:55:86:07","2c:b2:1a",19302,17,4,0,0,1678200185126,1678200195294,10168,4,408,1678200185126,1678200195208,10082,2,124,1678200185193,1678200195294,10101,2,284,"STUN","Network",1,3,"","","","","","Unspecified","7040021174"
100,0,"192.168.2.115","20:1e:88:5e:a0:9c","20:1e:88",55566,"125.39.9.36","2c:b2:1a:55:86:07","2c:b2:1a",19302,17,4,0,0,1678200185126,1678200185193,67,2,204,1678200185126,1678200185126,0,1,62,1678200185193,1678200185193,0,1,142,"STUN","Network",1,3,"","","","","","Unspecified","7176410165"
101,0,"192.168.2.115","20:1e:88:5e:a0:9c","20:1e:88",5879,"59.82.31.250","2c:b2:1a:55:86:07","2c:b2:1a",443,6,4,0,0,1678200186324,1678200194671,8347,173,171371,1678200186324,1678200194671,8347,31,18424,1678200186379,1678200194670,8291,142,152947,"TLS","Web",0,6,"","","","","","web","7243455031"
102,0,"192.168.2.115","20:1e:88:5e:a0:9c","20:1e:88",58596,"125.39.9.36","2c:b2:1a:55:86:07","2c:b2:1a",19302,17,4,0,0,1678200186931,1678200186992,61,2,204,1678200186931,1678200186931,0,1,62,1678200186992,1678200186992,0,1,142,"STUN","Network",1,3,"","","","","","Unspecified","7312650678"
103,0,"192.168.2.115","20:1e:88:5e:a0:9c","20:1e:88",58606,"125.39.9.36","2c:b2:1a:55:86:07","2c:b2:1a",19302,17,4,0,0,1678200186931,1678200186992,61,2,204,1678200186931,1678200186931,0,1,62,1678200186992,1678200186992,0,1,142,"STUN","Network",1,3,"","","","","","Unspecified","7314617270"
104,0,"192.168.2.115","20:1e:88:5e:a0:9c","20:1e:88",49381,"125.39.9.36","2c:b2:1a:55:86:07","2c:b2:1a",19302,17,4,0,0,1678200187058,1678200187109,51,2,204,1678200187058,1678200187058,0,1,62,1678200187109,1678200187109,0,1,142,"STUN","Network",1,3,"","","","","","Unspecified","7176409137"
105,0,"192.168.2.115","20:1e:88:5e:a0:9c","20:1e:88",58592,"119.188.52.31","2c:b2:1a:55:86:07","2c:b2:1a",4480,17,4,0,0,1678200187097,1678200194630,7533,51,7863,1678200187097,1678200194577,7480,27,4136,1678200187146,1678200194630,7484,24,3727,"STUN","Network",0,6,"","","","","","Unspecified","6809266610"
106,0,"192.168.2.115","20:1e:88:5e:a0:9c","20:1e:88",58594,"58.20.156.34","2c:b2:1a:55:86:07","2c:b2:1a",4480,17,4,0,0,1678200187098,1678200188755,1657,43,6846,1678200187098,1678200188722,1624,23,3615,1678200187127,1678200188755,1628,20,3231,"STUN","Network",0,6,"","","","","","Unspecified","6272018864"
107,0,"192.168.2.115","20:1e:88:5e:a0:9c","20:1e:88",58616,"125.39.9.36","2c:b2:1a:55:86:07","2c:b2:1a",19302,17,4,0,0,1678200188002,1678200188062,60,2,204,1678200188002,1678200188002,0,1,62,1678200188062,1678200188062,0,1,142,"STUN","Network",1,3,"","","","","","Unspecified","7039889590"
108,0,"192.168.2.115","20:1e:88:5e:a0:9c","20:1e:88",58626,"125.39.9.36","2c:b2:1a:55:86:07","2c:b2:1a",19302,17,4,0,0,1678200188002,1678200188062,60,2,204,1678200188002,1678200188002,0,1,62,1678200188062,1678200188062,0,1,142,"STUN","Network",1,3,"","","","","","Unspecified","7042118326"
109,0,"192.168.2.115","20:1e:88:5e:a0:9c","20:1e:88",58636,"125.39.9.36","2c:b2:1a:55:86:07","2c:b2:1a",19302,17,4,0,0,1678200188749,1678200188811,62,2,204,1678200188749,1678200188749,0,1,62,1678200188811,1678200188811,0,1,142,"STUN","Network",1,3,"","","","","","Unspecified","7312651190"
110,0,"192.168.2.115","20:1e:88:5e:a0:9c","20:1e:88",5888,"106.11.43.183","2c:b2:1a:55:86:07","2c:b2:1a",443,6,4,0,0,1678200188940,1678200189018,78,2,121,1678200188940,1678200188940,0,1,55,1678200189018,1678200189018,0,1,66,"TLS","Web",1,1,"","","","","","web","6698155187"
111,0,"192.168.2.115","20:1e:88:5e:a0:9c","20:1e:88",58640,"183.134.202.68","2c:b2:1a:55:86:07","2c:b2:1a",18195,17,4,0,0,1678200189687,1678200196859,7172,115,16330,1678200189687,1678200196859,7172,115,16330,0,0,0,0,0,"STUN","Network",0,6,"","","","","","Unspecified","7440634679"
112,0,"192.168.2.115","20:1e:88:5e:a0:9c","20:1e:88",5892,"111.123.54.251","2c:b2:1a:55:86:07","2c:b2:1a",443,6,4,0,0,1678200190189,1678200190229,40,2,121,1678200190189,1678200190189,0,1,55,1678200190229,1678200190229,0,1,66,"TLS","Web",1,1,"","","","","","web","6945345335"
113,0,"192.168.2.115","20:1e:88:5e:a0:9c","20:1e:88",5929,"203.119.169.246","2c:b2:1a:55:86:07","2c:b2:1a",443,6,4,0,0,1678200190288,1678200190338,50,2,121,1678200190288,1678200190288,0,1,55,1678200190338,1678200190338,0,1,66,"TLS","Web",1,1,"","","","","","web","7314683318"
114,0,"192.168.2.115","20:1e:88:5e:a0:9c","20:1e:88",5916,"114.112.207.71","2c:b2:1a:55:86:07","2c:b2:1a",443,6,4,0,0,1678200190407,1678200190450,43,2,121,1678200190407,1678200190407,0,1,55,1678200190450,1678200190450,0,1,66,"TLS","Web",1,1,"","","","","","web","6912020791"
115,0,"192.168.2.115","20:1e:88:5e:a0:9c","20:1e:88",58646,"125.39.9.36","2c:b2:1a:55:86:07","2c:b2:1a",19302,17,4,0,0,1678200194698,1678200194749,51,2,204,1678200194698,1678200194698,0,1,62,1678200194749,1678200194749,0,1,142,"STUN","Network",1,3,"","","","","","Unspecified","7314616758"
116,0,"192.168.2.115","20:1e:88:5e:a0:9c","20:1e:88",58656,"125.39.9.36","2c:b2:1a:55:86:07","2c:b2:1a",19302,17,4,0,0,1678200194699,1678200194760,61,2,204,1678200194699,1678200194699,0,1,62,1678200194760,1678200194760,0,1,142,"STUN","Network",1,3,"","","","","","Unspecified","7040021174"
117,0,"192.168.2.115","20:1e:88:5e:a0:9c","20:1e:88",5961,"106.8.151.228","2c:b2:1a:55:86:07","2c:b2:1a",80,6,4,0,0,1678200194811,1678200194986,175,15,4634,1678200194811,1678200194932,121,8,4008,1678200194870,1678200194986,116,7,626,"HTTP.Alibaba","Web",0,6,"static-pcs-sdk-server.alibaba.com","","","WinHttpClient","application/json","web","6962532149"
118,0,"192.168.2.115","20:1e:88:5e:a0:9c","20:1e:88",27614,"218.194.224.231","2c:b2:1a:55:86:07","2c:b2:1a",443,6,4,0,0,1678200195200,1678200195380,180,3,396,1678200195200,1678200195380,180,2,241,1678200195334,1678200195334,0,1,155,"TLS","Web",1,1,"","","","","","web","7235061809"
119,0,"192.168.2.115","20:1e:88:5e:a0:9c","20:1e:88",27615,"157.148.32.167","2c:b2:1a:55:86:07","2c:b2:1a",8080,6,4,0,0,1678200195875,1678200195967,92,4,343,1678200195875,1678200195967,92,2,161,1678200195908,1678200195915,7,2,182,"HTTP_Proxy","Web",1,1,"","","","","","Unspecified","6528150706"
120,0,"192.168.2.115","20:1e:88:5e:a0:9c","20:1e:88",49375,"123.112.23.43","2c:b2:1a:55:86:07","2c:b2:1a",59414,17,4,0,0,1678200177706,1678200192073,14367,229,32518,1678200177706,1678200192073,14367,229,32518,0,0,0,0,0,"STUN","Network",0,6,"","","","","","Unspecified","8308873265"
121,0,"192.168.2.115","20:1e:88:5e:a0:9c","20:1e:88",49381,"124.236.98.6","2c:b2:1a:55:86:07","2c:b2:1a",7085,17,4,0,0,1678200177706,1678200192073,14367,229,32518,1678200177706,1678200192073,14367,229,32518,0,0,0,0,0,"STUN","Network",0,6,"","","","","","Unspecified","6664473653"
122,0,"47.92.21.249","2c:b2:1a:55:86:07","2c:b2:1a",443,"192.168.2.115","20:1e:88:5e:a0:9c","20:1e:88",5910,6,4,0,0,1678200177816,1678200195153,17337,746,302521,1678200177816,1678200195113,17297,274,136055,1678200177816,1678200195153,17337,472,166466,"TLS","Web",0,6,"","","","","","Web","7516159411"
123,0,"192.168.2.115","20:1e:88:5e:a0:9c","20:1e:88",49385,"220.197.181.38","2c:b2:1a:55:86:07","2c:b2:1a",38624,17,4,0,0,1678200177844,1678200186995,9151,27,3209,1678200177844,1678200186912,9068,14,1654,1678200178415,1678200186995,8580,13,1555,"DTLS","Web",0,6,"","","","","","Web","7168021561"
124,0,"192.168.2.115","20:1e:88:5e:a0:9c","20:1e:88",5353,"224.0.0.251","01:00:5e:00:00:fb","01:00:5e",5353,17,4,0,0,1678200177980,1678200194849,16869,135,13992,1678200177980,1678200194849,16869,135,13992,0,0,0,0,0,"MDNS","Network",0,6,"dadb9d64-09ba-45be-af86-ed5e38a78138.local","","","","","Network","5991442610"
125,0,"192.168.2.115","20:1e:88:5e:a0:9c","20:1e:88",49389,"125.39.9.36","2c:b2:1a:55:86:07","2c:b2:1a",19302,17,4,0,0,1678200178995,1678200189105,10110,4,408,1678200178995,1678200189051,10056,2,124,1678200179049,1678200189105,10056,2,284,"STUN","Network",1,3,"","","","","","Unspecified","7176409137"
126,0,"192.168.2.115","20:1e:88:5e:a0:9c","20:1e:88",49399,"125.39.9.36","2c:b2:1a:55:86:07","2c:b2:1a",19302,17,4,0,0,1678200178995,1678200189122,10127,4,408,1678200178995,1678200189068,10073,2,124,1678200179063,1678200189122,10059,2,284,"STUN","Network",1,3,"","","","","","Unspecified","7167938611"
127,0,"192.168.2.115","20:1e:88:5e:a0:9c","20:1e:88",55560,"116.171.246.157","2c:b2:1a:55:86:07","2c:b2:1a",40166,17,4,0,0,1678200178995,1678200193959,14964,238,33796,1678200178995,1678200193959,14964,238,33796,0,0,0,0,0,"STUN","Network",0,6,"","","","","","Unspecified","6519713460"
128,0,"192.168.2.115","20:1e:88:5e:a0:9c","20:1e:88",58564,"125.39.9.36","2c:b2:1a:55:86:07","2c:b2:1a",19302,17,4,0,0,1678200180996,1678200191132,10136,4,408,1678200180996,1678200191074,10078,2,124,1678200181053,1678200191132,10079,2,284,"STUN","Network",1,3,"","","","","","Unspecified","7031715508"
129,0,"192.168.2.115","20:1e:88:5e:a0:9c","20:1e:88",58574,"125.39.9.36","2c:b2:1a:55:86:07","2c:b2:1a",19302,17,4,0,0,1678200183021,1678200193156,10135,4,408,1678200183021,1678200193098,10077,2,124,1678200183087,1678200193156,10069,2,284,"STUN","Network",1,3,"","","","","","Unspecified","7040038580"
130,0,"192.168.2.115","20:1e:88:5e:a0:9c","20:1e:88",58584,"125.39.9.36","2c:b2:1a:55:86:07","2c:b2:1a",19302,17,4,0,0,1678200183022,1678200193156,10134,4,408,1678200183022,1678200193098,10076,2,124,1678200183087,1678200193156,10069,2,284,"STUN","Network",1,3,"","","","","","Unspecified","7023260340"
131,0,"192.168.2.115","20:1e:88:5e:a0:9c","20:1e:88",58590,"14.161.33.147","2c:b2:1a:55:86:07","2c:b2:1a",59361,17,4,0,0,1678200184374,1678200196054,11680,71,11520,1678200184374,1678200195779,11405,36,6273,1678200184419,1678200196054,11635,35,5247,"STUN","Network",0,6,"","","","","","Unspecified","6160869553"
132,0,"192.168.2.115","20:1e:88:5e:a0:9c","20:1e:88",55554,"125.39.9.36","2c:b2:1a:55:86:07","2c:b2:1a",19302,17,4,0,0,1678200185126,1678200185193,67,2,204,1678200185126,1678200185126,0,1,62,1678200185193,1678200185193,0,1,142,"STUN","Network",1,3,"","","","","","Unspecified","7176345141"
133,0,"192.168.2.115","20:1e:88:5e:a0:9c","20:1e:88",55564,"125.39.9.36","2c:b2:1a:55:86:07","2c:b2:1a",19302,17,4,0,0,1678200185126,1678200185193,67,2,204,1678200185126,1678200185126,0,1,62,1678200185193,1678200185193,0,1,142,"STUN","Network",1,3,"","","","","","Unspecified","7176345141"
134,0,"192.168.2.115","20:1e:88:5e:a0:9c","20:1e:88",58594,"125.39.9.36","2c:b2:1a:55:86:07","2c:b2:1a",19302,17,4,0,0,1678200186931,1678200186992,61,2,204,1678200186931,1678200186931,0,1,62,1678200186992,1678200186992,0,1,142,"STUN","Network",1,3,"","","","","","Unspecified","7040037556"
135,0,"192.168.2.115","20:1e:88:5e:a0:9c","20:1e:88",58604,"125.39.9.36","2c:b2:1a:55:86:07","2c:b2:1a",19302,17,4,0,0,1678200186931,1678200186992,61,2,204,1678200186931,1678200186931,0,1,62,1678200186992,1678200186992,0,1,142,"STUN","Network",1,3,"","","","","","Unspecified","7041856182"
136,0,"192.168.2.115","20:1e:88:5e:a0:9c","20:1e:88",49379,"125.39.9.36","2c:b2:1a:55:86:07","2c:b2:1a",19302,17,4,0,0,1678200187075,1678200187146,71,2,204,1678200187075,1678200187075,0,1,62,1678200187146,1678200187146,0,1,142,"STUN","Network",1,3,"","","","","","Unspecified","7448909113"
137,0,"192.168.2.115","20:1e:88:5e:a0:9c","20:1e:88",58608,"60.222.123.37","2c:b2:1a:55:86:07","2c:b2:1a",27435,17,4,0,0,1678200187098,1678200195739,8641,56,9698,1678200187098,1678200195739,8641,28,5307,1678200187114,1678200195739,8625,28,4391,"STUN","Network",0,6,"","","","","","Unspecified","7168021561"
138,0,"192.168.2.115","20:1e:88:5e:a0:9c","20:1e:88",58614,"125.39.9.36","2c:b2:1a:55:86:07","2c:b2:1a",19302,17,4,0,0,1678200188002,1678200188062,60,2,204,1678200188002,1678200188002,0,1,62,1678200188062,1678200188062,0,1,142,"STUN","Network",1,3,"","","","","","Unspecified","7039760054"
139,0,"192.168.2.115","20:1e:88:5e:a0:9c","20:1e:88",58624,"125.39.9.36","2c:b2:1a:55:86:07","2c:b2:1a",19302,17,4,0,0,1678200188002,1678200188062,60,2,204,1678200188002,1678200188002,0,1,62,1678200188062,1678200188062,0,1,142,"STUN","Network",1,3,"","","","","","Unspecified","7025096372"
140,0,"192.168.2.115","20:1e:88:5e:a0:9c","20:1e:88",58626,"221.223.202.158","2c:b2:1a:55:86:07","2c:b2:1a",21026,17,4,0,0,1678200188084,1678200188777,693,42,7509,1678200188084,1678200188723,639,21,3849,1678200188121,1678200188777,656,21,3660,"STUN","Network",0,6,"","","","","","Unspecified","7297331632"
141,0,"192.168.2.115","20:1e:88:5e:a0:9c","20:1e:88",58612,"111.199.56.72","2c:b2:1a:55:86:07","2c:b2:1a",23640,17,4,0,0,1678200188084,1678200195779,7695,54,9435,1678200188084,1678200195709,7625,27,4995,1678200188121,1678200195779,7658,27,4440,"STUN","Network",0,6,"","","","","","Unspecified","7440175411"
142,0,"192.168.2.115","20:1e:88:5e:a0:9c","20:1e:88",58618,"139.227.137.40","2c:b2:1a:55:86:07","2c:b2:1a",62644,17,4,0,0,1678200188147,1678200195813,7666,51,8807,1678200188147,1678200195771,7624,26,4737,1678200188187,1678200195813,7626,25,4070,"STUN","Network",0,6,"","","","","","Unspecified","6408890801"
143,0,"192.168.2.115","20:1e:88:5e:a0:9c","20:1e:88",58616,"118.77.152.69","2c:b2:1a:55:86:07","2c:b2:1a",49748,17,4,0,0,1678200188147,1678200192919,4772,48,8308,1678200188147,1678200192919,4772,25,4341,1678200188182,1678200192918,4736,23,3967,"STUN","Network",0,6,"","","","","","Unspecified","8300416049"
144,0,"192.168.2.115","20:1e:88:5e:a0:9c","20:1e:88",58634,"125.39.9.36","2c:b2:1a:55:86:07","2c:b2:1a",19302,17,4,0,0,1678200188749,1678200188811,62,2,204,1678200188749,1678200188749,0,1,62,1678200188811,1678200188811,0,1,142,"STUN","Network",1,3,"","","","","","Unspecified","7022999220"
145,0,"192.168.2.115","20:1e:88:5e:a0:9c","20:1e:88",58644,"125.39.9.36","2c:b2:1a:55:86:07","2c:b2:1a",19302,17,4,0,0,1678200188749,1678200188811,62,2,204,1678200188749,1678200188749,0,1,62,1678200188811,1678200188811,0,1,142,"STUN","Network",1,3,"","","","","","Unspecified","7042118326"
146,0,"192.168.2.115","20:1e:88:5e:a0:9c","20:1e:88",58644,"124.165.83.165","2c:b2:1a:55:86:07","2c:b2:1a",59795,17,4,0,0,1678200188882,1678200196888,8006,130,17912,1678200188882,1678200188882,0,1,142,1678200188935,1678200196888,7953,129,17770,"STUN","Network",0,6,"","","","","","Unspecified","7337897392"
147,0,"192.168.2.115","20:1e:88:5e:a0:9c","20:1e:88",5903,"106.11.43.246","2c:b2:1a:55:86:07","2c:b2:1a",443,6,4,0,0,1678200189372,1678200189441,69,2,121,1678200189372,1678200189372,0,1,55,1678200189441,1678200189441,0,1,66,"TLS","Web",1,1,"","","","","","web","6800649654"
148,0,"192.168.2.115","20:1e:88:5e:a0:9c","20:1e:88",5895,"124.72.130.238","2c:b2:1a:55:86:07","2c:b2:1a",443,6,4,0,0,1678200189888,1678200189947,59,2,121,1678200189888,1678200189888,0,1,55,1678200189947,1678200189947,0,1,66,"TLS","Web",1,1,"","","","","","web","6945501111"
149,0,"192.168.2.115","20:1e:88:5e:a0:9c","20:1e:88",5926,"106.11.43.107","2c:b2:1a:55:86:07","2c:b2:1a",443,6,4,0,0,1678200190288,1678200194466,4178,11,1598,1678200190288,1678200194370,4082,5,965,1678200190339,1678200194466,4127,6,633,"TLS","Web",1,1,"","","","","","web","7516159411"
150,0,"192.168.2.115","20:1e:88:5e:a0:9c","20:1e:88",5941,"119.0.102.252","2c:b2:1a:55:86:07","2c:b2:1a",443,6,4,0,0,1678200190522,1678200196507,5985,13,3269,1678200190522,1678200196444,5922,5,423,1678200190538,1678200196507,5969,8,2846,"TLS","Web",1,1,"","","","","","web","7448917435"
151,0,"192.168.2.115","20:1e:88:5e:a0:9c","20:1e:88",5959,"106.8.151.228","2c:b2:1a:55:86:07","2c:b2:1a",80,6,4,0,0,1678200191580,1678200191816,236,15,4634,1678200191580,1678200191754,174,8,4008,1678200191682,1678200191816,134,7,626,"HTTP.Alibaba","Web",0,6,"static-pcs-sdk-server.alibaba.com","","","WinHttpClient","application/json","web","8581532471"
152,0,"192.168.2.115","20:1e:88:5e:a0:9c","20:1e:88",58654,"125.39.9.36","2c:b2:1a:55:86:07","2c:b2:1a",19302,17,4,0,0,1678200194699,1678200194760,61,2,204,1678200194699,1678200194699,0,1,62,1678200194760,1678200194760,0,1,142,"STUN","Network",1,3,"","","","","","Unspecified","7040021174"
153,0,"192.168.2.115","20:1e:88:5e:a0:9c","20:1e:88",58652,"58.20.156.34","2c:b2:1a:55:86:07","2c:b2:1a",4480,17,4,0,0,1678200194840,1678200196117,1277,39,6460,1678200194840,1678200196117,1277,20,3309,1678200194874,1678200196117,1243,19,3151,"STUN","Network",0,6,"","","","","","Unspecified","6912020787"
154,0,"192.168.2.115","20:1e:88:5e:a0:9c","20:1e:88",62199,"192.168.2.1","2c:b2:1a:55:86:07","2c:b2:1a",53,17,4,0,0,1678200196594,1678200196616,22,2,263,1678200196594,1678200196594,0,1,73,1678200196616,1678200196616,0,1,190,"DNS","Network",0,6,"ems.youku.com","","","","","dns","6433803059"
155,0,"182.242.213.167","2c:b2:1a:55:86:07","2c:b2:1a",443,"192.168.2.115","20:1e:88:5e:a0:9c","20:1e:88",5814,6,4,0,0,1678200177707,1678200196888,19181,37847,36949677,1678200177707,1678200196888,19181,24707,36117719,1678200177707,1678200196888,19181,13140,831958,"TLS","Web",1,1,"","","","","","Unspecified","7058123952"
156,0,"192.168.2.115","20:1e:88:5e:a0:9c","20:1e:88",5881,"59.82.31.250","2c:b2:1a:55:86:07","2c:b2:1a",443,6,4,0,0,1678200177974,1678200194614,16640,70,50917,1678200177974,1678200194614,16640,15,11504,1678200178026,1678200194572,16546,55,39413,"TLS","Web",0,6,"","","","","","web","6970932663"
157,0,"192.168.2.115","20:1e:88:5e:a0:9c","20:1e:88",49383,"124.64.237.58","2c:b2:1a:55:86:07","2c:b2:1a",50928,17,4,0,0,1678200178328,1678200186992,8664,22,2578,1678200178328,1678200186912,8584,11,1299,1678200178349,1678200186992,8643,11,1279,"STUN","Network",0,6,"","","","","","Unspecified","8174136496"
158,0,"192.168.2.115","20:1e:88:5e:a0:9c","20:1e:88",49393,"125.39.9.36","2c:b2:1a:55:86:07","2c:b2:1a",19302,17,4,0,0,1678200178995,1678200189110,10115,4,408,1678200178995,1678200189051,10056,2,124,1678200179049,1678200189110,10061,2,284,"STUN","Network",1,3,"","","","","","Unspecified","7176409141"
159,0,"192.168.2.115","20:1e:88:5e:a0:9c","20:1e:88",49403,"125.39.9.36","2c:b2:1a:55:86:07","2c:b2:1a",19302,17,4,0,0,1678200178995,1678200179063,68,2,204,1678200178995,1678200178995,0,1,62,1678200179063,1678200179063,0,1,142,"STUN","Network",1,3,"","","","","","Unspecified","7167873075"
160,0,"192.168.2.115","20:1e:88:5e:a0:9c","20:1e:88",49393,"221.192.179.141","2c:b2:1a:55:86:07","2c:b2:1a",7369,17,4,0,0,1678200179185,1678200194154,14969,238,33796,1678200179185,1678200194154,14969,238,33796,0,0,0,0,0,"STUN","Network",0,6,"","","","","","Unspecified","7312651190"
161,0,"192.168.2.115","20:1e:88:5e:a0:9c","20:1e:88",58558,"125.39.9.36","2c:b2:1a:55:86:07","2c:b2:1a",19302,17,4,0,0,1678200180996,1678200191132,10136,4,408,1678200180996,1678200191074,10078,2,124,1678200181053,1678200191132,10079,2,284,"STUN","Network",1,3,"","","","","","Unspecified","7040021174"
162,0,"192.168.2.115","20:1e:88:5e:a0:9c","20:1e:88",58568,"125.39.9.36","2c:b2:1a:55:86:07","2c:b2:1a",19302,17,4,0,0,1678200180996,1678200191132,10136,4,408,1678200180996,1678200191074,10078,2,124,1678200181053,1678200191132,10079,2,284,"STUN","Network",1,3,"","","","","","Unspecified","7042135224"
163,0,"192.168.2.115","20:1e:88:5e:a0:9c","20:1e:88",58560,"114.249.134.223","2c:b2:1a:55:86:07","2c:b2:1a",5490,17,4,0,0,1678200181122,1678200186992,5870,51,8355,1678200181122,1678200186914,5792,26,4331,1678200181169,1678200186992,5823,25,4024,"STUN","Network",0,6,"","","","","","Unspecified","7498910001"
164,0,"192.168.2.115","20:1e:88:5e:a0:9c","20:1e:88",49391,"61.79.86.80","2c:b2:1a:55:86:07","2c:b2:1a",58987,17,4,0,0,1678200181126,1678200195952,14826,68,11197,1678200181126,1678200195779,14653,34,6049,1678200181158,1678200195952,14794,34,5148,"STUN","Network",0,6,"","","","","","Unspecified","8589823281"
165,0,"192.168.2.115","20:1e:88:5e:a0:9c","20:1e:88",58562,"113.204.167.235","2c:b2:1a:55:86:07","2c:b2:1a",18389,17,4,0,0,1678200181141,1678200196084,14943,238,33796,1678200181141,1678200196084,14943,238,33796,0,0,0,0,0,"STUN","Network",0,6,"","","","","","Unspecified","7448891703"
166,0,"192.168.2.115","20:1e:88:5e:a0:9c","20:1e:88",58578,"125.39.9.36","2c:b2:1a:55:86:07","2c:b2:1a",19302,17,4,0,0,1678200183021,1678200193156,10135,4,408,1678200183021,1678200193098,10077,2,124,1678200183087,1678200193156,10069,2,284,"STUN","Network",1,3,"","","","","","Unspecified","7042135224"
167,0,"192.168.2.115","20:1e:88:5e:a0:9c","20:1e:88",58588,"125.39.9.36","2c:b2:1a:55:86:07","2c:b2:1a",19302,17,4,0,0,1678200183022,1678200193138,10116,4,408,1678200183022,1678200193087,10065,2,124,1678200183077,1678200193138,10061,2,284,"STUN","Network",1,3,"","","","","","Unspecified","7024832688"
168,0,"192.168.2.115","20:1e:88:5e:a0:9c","20:1e:88",58584,"113.204.227.19","2c:b2:1a:55:86:07","2c:b2:1a",50892,17,4,0,0,1678200183215,1678200196175,12960,62,10837,1678200183215,1678200196147,12932,31,6067,1678200183225,1678200196175,12950,31,4770,"STUN","Network",0,6,"","","","","","Unspecified","8539271089"
169,0,"192.168.2.115","20:1e:88:5e:a0:9c","20:1e:88",55558,"125.39.9.36","2c:b2:1a:55:86:07","2c:b2:1a",19302,17,4,0,0,1678200185126,1678200185176,50,2,204,1678200185126,1678200185126,0,1,62,1678200185176,1678200185176,0,1,142,"STUN","Network",1,3,"","","","","","Unspecified","7176345141"
170,0,"192.168.2.115","20:1e:88:5e:a0:9c","20:1e:88",55568,"125.39.9.36","2c:b2:1a:55:86:07","2c:b2:1a",19302,17,4,0,0,1678200185126,1678200185176,50,2,204,1678200185126,1678200185126,0,1,62,1678200185176,1678200185176,0,1,142,"STUN","Network",1,3,"","","","","","Unspecified","7168021561"
171,0,"192.168.2.115","20:1e:88:5e:a0:9c","20:1e:88",5902,"111.170.130.230","2c:b2:1a:55:86:07","2c:b2:1a",443,6,4,0,0,1678200185465,1678200196507,11042,1260,1462934,1678200185465,1678200196507,11042,274,16712,1678200185510,1678200196507,10997,986,1446222,"TLS","Web",0,6,"","","","","","web","7107231414"
172,0,"192.168.2.115","20:1e:88:5e:a0:9c","20:1e:88",58598,"125.39.9.36","2c:b2:1a:55:86:07","2c:b2:1a",19302,17,4,0,0,1678200186931,1678200186992,61,2,204,1678200186931,1678200186931,0,1,62,1678200186992,1678200186992,0,1,142,"STUN","Network",1,3,"","","","","","Unspecified","7040037040"
173,0,"192.168.2.115","20:1e:88:5e:a0:9c","20:1e:88",58608,"125.39.9.36","2c:b2:1a:55:86:07","2c:b2:1a",19302,17,4,0,0,1678200186931,1678200186992,61,2,204,1678200186931,1678200186931,0,1,62,1678200186992,1678200186992,0,1,142,"STUN","Network",1,3,"","","","","","Unspecified","7042118322"
174,0,"192.168.2.115","20:1e:88:5e:a0:9c","20:1e:88",49373,"125.39.9.36","2c:b2:1a:55:86:07","2c:b2:1a",19302,17,4,0,0,1678200187075,1678200187146,71,2,204,1678200187075,1678200187075,0,1,62,1678200187146,1678200187146,0,1,142,"STUN","Network",1,3,"","","","","","Unspecified","6912021811"
175,0,"192.168.2.115","20:1e:88:5e:a0:9c","20:1e:88",58618,"125.39.9.36","2c:b2:1a:55:86:07","2c:b2:1a",19302,17,4,0,0,1678200188002,1678200188062,60,2,204,1678200188002,1678200188002,0,1,62,1678200188062,1678200188062,0,1,142,"STUN","Network",1,3,"","","","","","Unspecified","7040021682"
176,0,"192.168.2.115","20:1e:88:5e:a0:9c","20:1e:88",58624,"123.116.25.231","2c:b2:1a:55:86:07","2c:b2:1a",6546,17,4,0,0,1678200188087,1678200194341,6254,80,12243,1678200188087,1678200188244,157,10,2218,1678200188123,1678200194341,6218,70,10025,"STUN","Network",0,6,"","","","","","Unspecified","6800780214"
177,0,"192.168.2.115","20:1e:88:5e:a0:9c","20:1e:88",58622,"118.74.192.159","2c:b2:1a:55:86:07","2c:b2:1a",49605,17,4,0,0,1678200188147,1678200196525,8378,54,9436,1678200188147,1678200196525,8378,27,4995,1678200188179,1678200196525,8346,27,4441,"STUN","Network",0,6,"","","","","","Unspecified","6442412465"
178,0,"192.168.2.115","20:1e:88:5e:a0:9c","20:1e:88",58628,"125.39.9.36","2c:b2:1a:55:86:07","2c:b2:1a",19302,17,4,0,0,1678200188749,1678200188811,62,2,204,1678200188749,1678200188749,0,1,62,1678200188811,1678200188811,0,1,142,"STUN","Network",1,3,"","","","","","Unspecified","7042135732"
179,0,"192.168.2.115","20:1e:88:5e:a0:9c","20:1e:88",58638,"125.39.9.36","2c:b2:1a:55:86:07","2c:b2:1a",19302,17,4,0,0,1678200188749,1678200188811,62,2,204,1678200188749,1678200188749,0,1,62,1678200188811,1678200188811,0,1,142,"STUN","Network",1,3,"","","","","","Unspecified","7040038580"
180,0,"192.168.2.115","20:1e:88:5e:a0:9c","20:1e:88",58628,"192.168.0.1","2c:b2:1a:55:86:07","2c:b2:1a",4480,17,4,0,0,1678200188882,1678200188882,0,1,154,1678200188882,1678200188882,0,1,154,0,0,0,0,0,"STUN","Network",1,3,"","","","","","Unspecified","6800648626"
181,0,"192.168.2.115","20:1e:88:5e:a0:9c","20:1e:88",58634,"220.194.43.5","2c:b2:1a:55:86:07","2c:b2:1a",9628,17,4,0,0,1678200188882,1678200196859,7977,127,18034,1678200188882,1678200196859,7977,127,18034,0,0,0,0,0,"STUN","Network",0,6,"","","","","","Unspecified","7448826163"
182,0,"192.168.2.115","20:1e:88:5e:a0:9c","20:1e:88",5872,"111.123.54.228","2c:b2:1a:55:86:07","2c:b2:1a",443,6,4,0,0,1678200190021,1678200190032,11,2,121,1678200190021,1678200190021,0,1,55,1678200190032,1678200190032,0,1,66,"TLS","Web",1,1,"","","","","","web","8547568435"
183,0,"192.168.2.115","20:1e:88:5e:a0:9c","20:1e:88",5932,"106.11.43.246","2c:b2:1a:55:86:07","2c:b2:1a",443,6,4,0,0,1678200190373,1678200190424,51,2,121,1678200190373,1678200190373,0,1,55,1678200190424,1678200190424,0,1,66,"TLS","Web",1,1,"","","","","","web","7507647795"
184,0,"192.168.2.115","20:1e:88:5e:a0:9c","20:1e:88",5940,"119.0.102.252","2c:b2:1a:55:86:07","2c:b2:1a",443,6,4,0,0,1678200190488,1678200190505,17,2,121,1678200190488,1678200190488,0,1,55,1678200190505,1678200190505,0,1,66,"TLS","Web",1,1,"","","","","","web","7516028339"
185,0,"192.168.2.115","20:1e:88:5e:a0:9c","20:1e:88",5713,"182.140.246.252","2c:b2:1a:55:86:07","2c:b2:1a",443,6,4,0,0,1678200190689,1678200190718,29,2,121,1678200190689,1678200190689,0,1,55,1678200190718,1678200190718,0,1,66,"TLS","Web",1,1,"","","","","","web","6979140023"
186,0,"192.168.2.115","20:1e:88:5e:a0:9c","20:1e:88",5945,"106.11.43.158","2c:b2:1a:55:86:07","2c:b2:1a",443,6,4,0,0,1678200191256,1678200191308,52,2,121,1678200191256,1678200191256,0,1,55,1678200191308,1678200191308,0,1,66,"TLS","Web",1,1,"","","","","","web","6844710326"
187,0,"192.168.2.115","20:1e:88:5e:a0:9c","20:1e:88",58648,"125.39.9.36","2c:b2:1a:55:86:07","2c:b2:1a",19302,17,4,0,0,1678200194698,1678200194751,53,2,204,1678200194698,1678200194698,0,1,62,1678200194751,1678200194751,0,1,142,"STUN","Network",1,3,"","","","","","Unspecified","7042117814"
188,0,"192.168.2.115","20:1e:88:5e:a0:9c","20:1e:88",58658,"125.39.9.36","2c:b2:1a:55:86:07","2c:b2:1a",19302,17,4,0,0,1678200194699,1678200194760,61,2,204,1678200194699,1678200194699,0,1,62,1678200194760,1678200194760,0,1,142,"STUN","Network",1,3,"","","","","","Unspecified","7040021174"
189,0,"192.168.2.115","20:1e:88:5e:a0:9c","20:1e:88",58656,"123.120.237.149","2c:b2:1a:55:86:07","2c:b2:1a",64155,17,4,0,0,1678200194784,1678200196092,1308,41,7579,1678200194784,1678200196092,1308,21,4101,1678200194836,1678200196092,1256,20,3478,"STUN","Network",0,6,"","","","","","Unspecified","8547979057"
190,0,"192.168.2.115","20:1e:88:5e:a0:9c","20:1e:88",58650,"58.20.156.35","2c:b2:1a:55:86:07","2c:b2:1a",4480,17,4,0,0,1678200194840,1678200196120,1280,39,6459,1678200194840,1678200196120,1280,20,3308,1678200194874,1678200196120,1246,19,3151,"STUN","Network",0,6,"","","","","","Unspecified","6912020791"
191,0,"192.168.2.115","20:1e:88:5e:a0:9c","20:1e:88",58648,"192.168.0.1","2c:b2:1a:55:86:07","2c:b2:1a",4480,17,4,0,0,1678200194841,1678200196802,1961,5,770,1678200194841,1678200196802,1961,5,770,0,0,0,0,0,"STUN","Network",0,6,"","","","","","Unspecified","6809185716"
192,0,"192.168.2.115","20:1e:88:5e:a0:9c","20:1e:88",58648,"124.152.10.130","2c:b2:1a:55:86:07","2c:b2:1a",4480,17,4,0,0,1678200194903,1678200196322,1419,38,6349,1678200194903,1678200196322,1419,20,3307,1678200194956,1678200196322,1366,18,3042,"STUN","Network",0,6,"","","","","","Unspecified","6809266610"
193,0,"192.168.2.115","20:1e:88:5e:a0:9c","20:1e:88",5968,"106.11.43.215","2c:b2:1a:55:86:07","2c:b2:1a",443,6,4,0,0,1678200196617,1678200196823,206,15,4143,1678200196617,1678200196823,206,8,3216,1678200196673,1678200196823,150,7,927,"TLS","Web",0,6,"ems.youku.com","9d0b3abd1a03cd625d5f41c344f3e596","79d63d20e65217c6056fbf2804b8cdae","","","web","6945427255"
