,expiration_id,src_ip,src_mac,src_oui,src_port,dst_ip,dst_mac,dst_oui,dst_port,protocol,ip_version,vlan_id,tunnel_id,bidirectional_first_seen_ms,bidirectional_last_seen_ms,bidirectional_duration_ms,bidirectional_packets,bidirectional_bytes,src2dst_first_seen_ms,src2dst_last_seen_ms,src2dst_duration_ms,src2dst_packets,src2dst_bytes,dst2src_first_seen_ms,dst2src_last_seen_ms,dst2src_duration_ms,dst2src_packets,dst2src_bytes,application_name,application_category_name,application_is_guessed,application_confidence,requested_server_name,client_fingerprint,server_fingerprint,user_agent,content_type,label,flowsimhashvalue
0,0,192.168.2.115,20:1e:88:5e:a0:9c,20:1e:88,55562,124.88.101.196,2c:b2:1a:55:86:07,2c:b2:1a,12611,17,4,0,0,1.68E+12,1.68E+12,12413,198,28116,1.68E+12,1.68E+12,12413,198,28116,0,0,0,0,0,STUN,Network,0,6,,,,,,network,7448514865
1,0,111.85.58.207,2c:b2:1a:55:86:07,2c:b2:1a,8288,192.168.2.115,20:1e:88:5e:a0:9c,20:1e:88,55568,17,4,0,0,1.68E+12,1.68E+12,8946,24,2822,1.68E+12,1.68E+12,8946,12,1417,1.68E+12,1.68E+12,8876,12,1405,STUN,Network,0,6,,,,,,network,6631150641
2,0,192.168.2.115,20:1e:88:5e:a0:9c,20:1e:88,49387,111.197.255.24,2c:b2:1a:55:86:07,2c:b2:1a,3287,17,4,0,0,1.68E+12,1.68E+12,16302,36,4624,1.68E+12,1.68E+12,16247,18,2506,1.68E+12,1.68E+12,16264,18,2118,STUN,Network,0,6,,,,,,network,7356443568
3,0,192.168.2.115,20:1e:88:5e:a0:9c,20:1e:88,49395,125.39.9.36,2c:b2:1a:55:86:07,2c:b2:1a,19302,17,4,0,0,1.68E+12,1.68E+12,10115,4,408,1.68E+12,1.68E+12,10056,2,124,1.68E+12,1.68E+12,10061,2,284,STUN,Network,1,3,,,,,,network,7449022775
4,0,192.168.2.115,20:1e:88:5e:a0:9c,20:1e:88,49405,125.39.9.36,2c:b2:1a:55:86:07,2c:b2:1a,19302,17,4,0,0,1.68E+12,1.68E+12,10127,4,408,1.68E+12,1.68E+12,10073,2,124,1.68E+12,1.68E+12,10059,2,284,STUN,Network,1,3,,,,,,network,7448891703
5,0,119.0.102.252,2c:b2:1a:55:86:07,2c:b2:1a,443,192.168.2.115,20:1e:88:5e:a0:9c,20:1e:88,5942,6,4,0,0,1.68E+12,1.68E+12,0,1,54,1.68E+12,1.68E+12,0,1,54,0,0,0,0,0,TLS,Web,1,1,,,,,,web,7381810610
6,0,192.168.2.115,20:1e:88:5e:a0:9c,20:1e:88,58555,192.168.2.1,2c:b2:1a:55:86:07,2c:b2:1a,53,17,4,0,0,1.68E+12,1.68E+12,21,2,264,1.68E+12,1.68E+12,0,1,74,1.68E+12,1.68E+12,0,1,190,DNS.Alibaba,Network,0,6,yt1.mmstat.com,,,,,dns,6903632183
7,0,123.119.185.213,2c:b2:1a:55:86:07,2c:b2:1a,34126,192.168.2.115,20:1e:88:5e:a0:9c,20:1e:88,55566,17,4,0,0,1.68E+12,1.68E+12,8425,23,3037,1.68E+12,1.68E+12,8425,11,1279,1.68E+12,1.68E+12,8424,12,1758,STUN,Network,0,6,,,,,,network,7314764208
8,0,192.168.2.115,20:1e:88:5e:a0:9c,20:1e:88,55552,110.72.96.56,2c:b2:1a:55:86:07,2c:b2:1a,4480,17,4,0,0,1.68E+12,1.68E+12,6854,18,2160,1.68E+12,1.68E+12,6780,10,1193,1.68E+12,1.68E+12,6826,8,967,STUN,Network,0,6,,,,,,network,7218284597
9,0,192.168.2.115,20:1e:88:5e:a0:9c,20:1e:88,58560,125.39.9.36,2c:b2:1a:55:86:07,2c:b2:1a,19302,17,4,0,0,1.68E+12,1.68E+12,57,2,204,1.68E+12,1.68E+12,0,1,62,1.68E+12,1.68E+12,0,1,142,STUN,Network,1,3,,,,,,network,7167954993
10,0,192.168.2.115,20:1e:88:5e:a0:9c,20:1e:88,58570,125.39.9.36,2c:b2:1a:55:86:07,2c:b2:1a,19302,17,4,0,0,1.68E+12,1.68E+12,57,2,204,1.68E+12,1.68E+12,0,1,62,1.68E+12,1.68E+12,0,1,142,STUN,Network,1,3,,,,,,network,7042134192
11,0,192.168.2.115,20:1e:88:5e:a0:9c,20:1e:88,58556,123.113.80.22,2c:b2:1a:55:86:07,2c:b2:1a,24497,17,4,0,0,1.68E+12,1.68E+12,5913,55,9152,1.68E+12,1.68E+12,5835,27,4810,1.68E+12,1.68E+12,5880,28,4342,STUN,Network,0,6,,,,,,network,7168021561
12,0,192.168.2.115,20:1e:88:5e:a0:9c,20:1e:88,58580,125.39.9.36,2c:b2:1a:55:86:07,2c:b2:1a,19302,17,4,0,0,1.68E+12,1.68E+12,65,2,204,1.68E+12,1.68E+12,0,1,62,1.68E+12,1.68E+12,0,1,142,STUN,Network,1,3,,,,,,network,7024832688
13,0,192.168.2.115,20:1e:88:5e:a0:9c,20:1e:88,58590,125.39.9.36,2c:b2:1a:55:86:07,2c:b2:1a,19302,17,4,0,0,1.68E+12,1.68E+12,10134,4,408,1.68E+12,1.68E+12,10076,2,124,1.68E+12,1.68E+12,10069,2,284,STUN,Network,1,3,,,,,,network,7312142768
14,0,192.168.2.115,20:1e:88:5e:a0:9c,20:1e:88,58586,202.99.113.252,2c:b2:1a:55:86:07,2c:b2:1a,18055,17,4,0,0,1.68E+12,1.68E+12,13644,218,30956,1.68E+12,1.68E+12,13644,218,30956,0,0,0,0,0,STUN,Network,0,6,,,,,,network,6912151863
15,0,192.168.2.115,20:1e:88:5e:a0:9c,20:1e:88,58588,221.10.43.198,2c:b2:1a:55:86:07,2c:b2:1a,19867,17,4,0,0,1.68E+12,1.68E+12,13644,218,30956,1.68E+12,1.68E+12,13644,218,30956,0,0,0,0,0,STUN,Network,0,6,,,,,,network,7176327735
16,0,192.168.2.115,20:1e:88:5e:a0:9c,20:1e:88,55560,125.39.9.36,2c:b2:1a:55:86:07,2c:b2:1a,19302,17,4,0,0,1.68E+12,1.68E+12,67,2,204,1.68E+12,1.68E+12,0,1,62,1.68E+12,1.68E+12,0,1,142,STUN,Network,1,3,,,,,,network,7167956017
17,0,192.168.2.115,20:1e:88:5e:a0:9c,20:1e:88,5955,106.8.151.228,2c:b2:1a:55:86:07,2c:b2:1a,80,6,4,0,0,1.68E+12,1.68E+12,200,16,4688,1.68E+12,1.68E+12,128,8,4008,1.68E+12,1.68E+12,141,8,680,HTTP.Alibaba,Web,0,6,static-pcs-sdk-server.alibaba.com,,,WinHttpClient,application/json,web,7499308341
18,0,192.168.2.115,20:1e:88:5e:a0:9c,20:1e:88,5911,47.92.40.19,2c:b2:1a:55:86:07,2c:b2:1a,443,6,4,0,0,1.68E+12,1.68E+12,7851,75,31843,1.68E+12,1.68E+12,7795,35,11899,1.68E+12,1.68E+12,7774,40,19944,TLS,Web,0,6,,,,,,web,8300415029
19,0,192.168.2.115,20:1e:88:5e:a0:9c,20:1e:88,58600,125.39.9.36,2c:b2:1a:55:86:07,2c:b2:1a,19302,17,4,0,0,1.68E+12,1.68E+12,61,2,204,1.68E+12,1.68E+12,0,1,62,1.68E+12,1.68E+12,0,1,142,STUN,Network,1,3,,,,,,network,7042118322
20,0,192.168.2.115,20:1e:88:5e:a0:9c,20:1e:88,49375,125.39.9.36,2c:b2:1a:55:86:07,2c:b2:1a,19302,17,4,0,0,1.68E+12,1.68E+12,71,2,204,1.68E+12,1.68E+12,0,1,62,1.68E+12,1.68E+12,0,1,142,STUN,Network,1,3,,,,,,network,6912038197
21,0,192.168.2.115,20:1e:88:5e:a0:9c,20:1e:88,58610,125.39.9.36,2c:b2:1a:55:86:07,2c:b2:1a,19302,17,4,0,0,1.68E+12,1.68E+12,61,2,204,1.68E+12,1.68E+12,0,1,62,1.68E+12,1.68E+12,0,1,142,STUN,Network,1,3,,,,,,network,7040020658
22,0,192.168.2.115,20:1e:88:5e:a0:9c,20:1e:88,58620,125.39.9.36,2c:b2:1a:55:86:07,2c:b2:1a,19302,17,4,0,0,1.68E+12,1.68E+12,60,2,204,1.68E+12,1.68E+12,0,1,62,1.68E+12,1.68E+12,0,1,142,STUN,Network,1,3,,,,,,network,7025357492
23,0,192.168.2.115,20:1e:88:5e:a0:9c,20:1e:88,58620,112.64.62.233,2c:b2:1a:55:86:07,2c:b2:1a,19686,17,4,0,0,1.68E+12,1.68E+12,8689,53,9053,1.68E+12,1.68E+12,8689,27,4843,1.68E+12,1.68E+12,8653,26,4210,STUN,Network,0,6,,,,,,network,7041873072
24,0,192.168.2.115,20:1e:88:5e:a0:9c,20:1e:88,58630,125.39.9.36,2c:b2:1a:55:86:07,2c:b2:1a,19302,17,4,0,0,1.68E+12,1.68E+12,62,2,204,1.68E+12,1.68E+12,0,1,62,1.68E+12,1.68E+12,0,1,142,STUN,Network,1,3,,,,,,network,7023260340
25,0,192.168.2.115,20:1e:88:5e:a0:9c,20:1e:88,58640,125.39.9.36,2c:b2:1a:55:86:07,2c:b2:1a,19302,17,4,0,0,1.68E+12,1.68E+12,62,2,204,1.68E+12,1.68E+12,0,1,62,1.68E+12,1.68E+12,0,1,142,STUN,Network,1,3,,,,,,network,7042117814
26,0,192.168.2.115,20:1e:88:5e:a0:9c,20:1e:88,58638,222.128.173.61,2c:b2:1a:55:86:07,2c:b2:1a,53909,17,4,0,0,1.68E+12,1.68E+12,5807,54,8665,1.68E+12,1.68E+12,5754,27,4435,1.68E+12,1.68E+12,5750,27,4230,STUN,Network,0,6,,,,,,network,6272018864
27,0,192.168.2.115,20:1e:88:5e:a0:9c,20:1e:88,58630,218.60.173.125,2c:b2:1a:55:86:07,2c:b2:1a,4480,17,4,0,0,1.68E+12,1.68E+12,5819,52,8004,1.68E+12,1.68E+12,5749,28,4242,1.68E+12,1.68E+12,5768,24,3762,STUN,Network,0,6,,,,,,network,6809414064
28,0,192.168.2.115,20:1e:88:5e:a0:9c,20:1e:88,58632,218.60.173.113,2c:b2:1a:55:86:07,2c:b2:1a,4480,17,4,0,0,1.68E+12,1.68E+12,5810,51,7910,1.68E+12,1.68E+12,5749,27,4132,1.68E+12,1.68E+12,5759,24,3778,STUN,Network,0,6,,,,,,network,6800649650
29,0,192.168.2.115,20:1e:88:5e:a0:9c,20:1e:88,5886,219.153.35.252,2c:b2:1a:55:86:07,2c:b2:1a,443,6,4,0,0,1.68E+12,1.68E+12,7591,13,2625,1.68E+12,1.68E+12,7532,5,449,1.68E+12,1.68E+12,7573,8,2176,TLS,Web,1,1,,,,,,web,6672723127
30,0,192.168.2.115,20:1e:88:5e:a0:9c,20:1e:88,5889,106.11.43.246,2c:b2:1a:55:86:07,2c:b2:1a,443,6,4,0,0,1.68E+12,1.68E+12,54,2,121,1.68E+12,1.68E+12,0,1,55,1.68E+12,1.68E+12,0,1,66,TLS,Web,1,1,,,,,,web,6844693938
31,0,192.168.2.115,20:1e:88:5e:a0:9c,20:1e:88,5847,49.79.227.198,2c:b2:1a:55:86:07,2c:b2:1a,443,6,4,0,0,1.68E+12,1.68E+12,53,2,121,1.68E+12,1.68E+12,0,1,55,1.68E+12,1.68E+12,0,1,66,TLS,Web,1,1,,,,,,web,7448834999
32,0,192.168.2.115,20:1e:88:5e:a0:9c,20:1e:88,1997,108.177.125.188,2c:b2:1a:55:86:07,2c:b2:1a,5228,6,4,0,0,1.68E+12,1.68E+12,59,2,121,1.68E+12,1.68E+12,0,1,55,1.68E+12,1.68E+12,0,1,66,Unknown,Unspecified,0,0,,,,,,unspecified,8547511219
33,0,192.168.2.115,20:1e:88:5e:a0:9c,20:1e:88,58650,125.39.9.36,2c:b2:1a:55:86:07,2c:b2:1a,19302,17,4,0,0,1.68E+12,1.68E+12,53,2,204,1.68E+12,1.68E+12,0,1,62,1.68E+12,1.68E+12,0,1,142,STUN,Network,1,3,,,,,,network,7040021174
34,0,192.168.2.115,20:1e:88:5e:a0:9c,20:1e:88,58660,125.39.9.36,2c:b2:1a:55:86:07,2c:b2:1a,19302,17,4,0,0,1.68E+12,1.68E+12,61,2,204,1.68E+12,1.68E+12,0,1,62,1.68E+12,1.68E+12,0,1,142,STUN,Network,1,3,,,,,,network,7042134192
35,0,192.168.2.115,20:1e:88:5e:a0:9c,20:1e:88,58654,114.250.177.64,2c:b2:1a:55:86:07,2c:b2:1a,21012,17,4,0,0,1.68E+12,1.68E+12,1308,43,8131,1.68E+12,1.68E+12,1308,21,4473,1.68E+12,1.68E+12,1256,22,3658,STUN,Network,0,6,,,,,,network,7023260340
36,0,192.168.2.115,20:1e:88:5e:a0:9c,20:1e:88,58646,58.20.156.36,2c:b2:1a:55:86:07,2c:b2:1a,4480,17,4,0,0,1.68E+12,1.68E+12,1279,39,6457,1.68E+12,1.68E+12,1279,20,3308,1.68E+12,1.68E+12,1246,19,3149,STUN,Network,0,6,,,,,,network,6945573171
37,0,192.168.2.115,20:1e:88:5e:a0:9c,20:1e:88,5965,106.11.43.215,2c:b2:1a:55:86:07,2c:b2:1a,443,6,4,0,0,1.68E+12,1.68E+12,275,25,10880,1.68E+12,1.68E+12,275,11,3068,1.68E+12,1.68E+12,215,14,7812,TLS.Alibaba,Web,0,6,valp.atm.youku.com,fcd7fea8eaf7d6af3334b9b8dfd20ee0,afbc203706421f15554867b55caf16d6,,,web,7516184375
38,0,fe80::8fcd:a04c:ec94:e2bf,20:1e:88:5e:a0:9c,20:1e:88,5353,ff02::fb,33:33:00:00:00:fb,33:33:00,5353,17,6,0,0,1.68E+12,1.68E+12,16869,135,16692,1.68E+12,1.68E+12,16869,135,16692,0,0,0,0,0,MDNS,Network,0,6,dadb9d64-09ba-45be-af86-ed5e38a78138.local,,,,,network,5991442610
39,0,192.168.2.115,20:1e:88:5e:a0:9c,20:1e:88,49397,125.39.9.36,2c:b2:1a:55:86:07,2c:b2:1a,19302,17,4,0,0,1.68E+12,1.68E+12,10105,4,408,1.68E+12,1.68E+12,10056,2,124,1.68E+12,1.68E+12,10051,2,284,STUN,Network,1,3,,,,,,network,7176409137
40,0,192.168.2.115,20:1e:88:5e:a0:9c,20:1e:88,49389,114.244.127.81,2c:b2:1a:55:86:07,2c:b2:1a,43878,17,4,0,0,1.68E+12,1.68E+12,16596,68,11205,1.68E+12,1.68E+12,16340,35,6156,1.68E+12,1.68E+12,16556,33,5049,STUN,Network,0,6,,,,,,network,7073246386
41,0,192.168.2.115,20:1e:88:5e:a0:9c,20:1e:88,49401,117.12.37.56,2c:b2:1a:55:86:07,2c:b2:1a,4160,17,4,0,0,1.68E+12,1.68E+12,7908,47,7826,1.68E+12,1.68E+12,7829,25,3975,1.68E+12,1.68E+12,7865,22,3851,STUN,Network,0,6,,,,,,network,6681479217
42,0,192.168.2.115,20:1e:88:5e:a0:9c,20:1e:88,22765,218.194.224.231,2c:b2:1a:55:86:07,2c:b2:1a,443,6,4,0,0,1.68E+12,1.68E+12,17459,12,1382,1.68E+12,1.68E+12,17347,6,1058,1.68E+12,1.68E+12,17342,6,324,TLS,Web,1,1,,,,,,web,6400019251
43,0,192.168.2.115,20:1e:88:5e:a0:9c,20:1e:88,49403,58.16.143.178,2c:b2:1a:55:86:07,2c:b2:1a,12556,17,4,0,0,1.68E+12,1.68E+12,7278,53,8874,1.68E+12,1.68E+12,7220,27,4593,1.68E+12,1.68E+12,7252,26,4281,STUN,Network,0,6,,,,,,network,6433802547
44,0,192.168.2.115,20:1e:88:5e:a0:9c,20:1e:88,55554,27.195.126.66,2c:b2:1a:55:86:07,2c:b2:1a,4480,17,4,0,0,1.68E+12,1.68E+12,6894,18,2160,1.68E+12,1.68E+12,6813,10,1193,1.68E+12,1.68E+12,6834,8,967,STUN,Network,0,6,,,,,,network,7490390321
45,0,192.168.2.115,20:1e:88:5e:a0:9c,20:1e:88,55558,27.195.126.67,2c:b2:1a:55:86:07,2c:b2:1a,4480,17,4,0,0,1.68E+12,1.68E+12,6893,18,2160,1.68E+12,1.68E+12,6812,10,1193,1.68E+12,1.68E+12,6839,8,967,STUN,Network,0,6,,,,,,network,6698108979
46,0,192.168.2.115,20:1e:88:5e:a0:9c,20:1e:88,58562,125.39.9.36,2c:b2:1a:55:86:07,2c:b2:1a,19302,17,4,0,0,1.68E+12,1.68E+12,10136,4,408,1.68E+12,1.68E+12,10078,2,124,1.68E+12,1.68E+12,10079,2,284,STUN,Network,1,3,,,,,,network,7031698610
47,0,192.168.2.115,20:1e:88:5e:a0:9c,20:1e:88,58572,125.39.9.36,2c:b2:1a:55:86:07,2c:b2:1a,19302,17,4,0,0,1.68E+12,1.68E+12,10130,4,408,1.68E+12,1.68E+12,10078,2,124,1.68E+12,1.68E+12,10075,2,284,STUN,Network,1,3,,,,,,network,7040021682
48,0,192.168.2.115,20:1e:88:5e:a0:9c,20:1e:88,58564,123.115.215.1,2c:b2:1a:55:86:07,2c:b2:1a,59175,17,4,0,0,1.68E+12,1.68E+12,15661,68,11478,1.68E+12,1.68E+12,15590,34,6202,1.68E+12,1.68E+12,15628,34,5276,STUN,Network,0,6,,,,,,network,8452995504
49,0,192.168.2.115,20:1e:88:5e:a0:9c,20:1e:88,58582,125.39.9.36,2c:b2:1a:55:86:07,2c:b2:1a,19302,17,4,0,0,1.68E+12,1.68E+12,10134,4,408,1.68E+12,1.68E+12,10076,2,124,1.68E+12,1.68E+12,10069,2,284,STUN,Network,1,3,,,,,,network,7040020658
50,0,192.168.2.115,20:1e:88:5e:a0:9c,20:1e:88,58574,111.194.75.2,2c:b2:1a:55:86:07,2c:b2:1a,11877,17,4,0,0,1.68E+12,1.68E+12,12989,64,10679,1.68E+12,1.68E+12,12989,32,5801,1.68E+12,1.68E+12,12933,32,4878,STUN,Network,0,6,,,,,,network,6144018481
51,0,192.168.2.115,20:1e:88:5e:a0:9c,20:1e:88,49395,124.218.202.154,2c:b2:1a:55:86:07,2c:b2:1a,59096,17,4,0,0,1.68E+12,1.68E+12,12580,71,11888,1.68E+12,1.68E+12,12125,37,6770,1.68E+12,1.68E+12,12568,34,5118,STUN,Network,0,6,,,,,,network,8547979057
52,0,192.168.2.115,20:1e:88:5e:a0:9c,20:1e:88,55552,125.39.9.36,2c:b2:1a:55:86:07,2c:b2:1a,19302,17,4,0,0,1.68E+12,1.68E+12,53,2,204,1.68E+12,1.68E+12,0,1,62,1.68E+12,1.68E+12,0,1,142,STUN,Network,1,3,,,,,,network,7176327735
53,0,192.168.2.115,20:1e:88:5e:a0:9c,20:1e:88,55562,125.39.9.36,2c:b2:1a:55:86:07,2c:b2:1a,19302,17,4,0,0,1.68E+12,1.68E+12,61,2,204,1.68E+12,1.68E+12,0,1,62,1.68E+12,1.68E+12,0,1,142,STUN,Network,1,3,,,,,,network,7167956529
54,0,192.168.2.115,20:1e:88:5e:a0:9c,20:1e:88,58592,125.39.9.36,2c:b2:1a:55:86:07,2c:b2:1a,19302,17,4,0,0,1.68E+12,1.68E+12,61,2,204,1.68E+12,1.68E+12,0,1,62,1.68E+12,1.68E+12,0,1,142,STUN,Network,1,3,,,,,,network,7312651186
55,0,192.168.2.115,20:1e:88:5e:a0:9c,20:1e:88,58602,125.39.9.36,2c:b2:1a:55:86:07,2c:b2:1a,19302,17,4,0,0,1.68E+12,1.68E+12,61,2,204,1.68E+12,1.68E+12,0,1,62,1.68E+12,1.68E+12,0,1,142,STUN,Network,1,3,,,,,,network,7314355122
56,0,192.168.2.115,20:1e:88:5e:a0:9c,20:1e:88,49377,125.39.9.36,2c:b2:1a:55:86:07,2c:b2:1a,19302,17,4,0,0,1.68E+12,1.68E+12,71,2,204,1.68E+12,1.68E+12,0,1,62,1.68E+12,1.68E+12,0,1,142,STUN,Network,1,3,,,,,,network,7448891703
57,0,192.168.2.115,20:1e:88:5e:a0:9c,20:1e:88,49387,125.39.9.36,2c:b2:1a:55:86:07,2c:b2:1a,19302,17,4,0,0,1.68E+12,1.68E+12,71,2,204,1.68E+12,1.68E+12,0,1,62,1.68E+12,1.68E+12,0,1,142,STUN,Network,1,3,,,,,,network,7176327223
58,0,192.168.2.115,20:1e:88:5e:a0:9c,20:1e:88,58598,27.195.126.57,2c:b2:1a:55:86:07,2c:b2:1a,4480,17,4,0,0,1.68E+12,1.68E+12,1668,43,6848,1.68E+12,1.68E+12,1626,23,3618,1.68E+12,1.68E+12,1619,20,3230,STUN,Network,0,6,,,,,,network,6809414064
59,0,192.168.2.115,20:1e:88:5e:a0:9c,20:1e:88,58596,58.20.156.33,2c:b2:1a:55:86:07,2c:b2:1a,4480,17,4,0,0,1.68E+12,1.68E+12,1657,42,6739,1.68E+12,1.68E+12,1624,23,3616,1.68E+12,1.68E+12,1609,19,3123,STUN,Network,0,6,,,,,,network,6272395698
60,0,192.168.2.115,20:1e:88:5e:a0:9c,20:1e:88,58606,139.214.75.101,2c:b2:1a:55:86:07,2c:b2:1a,49823,17,4,0,0,1.68E+12,1.68E+12,8655,55,9928,1.68E+12,1.68E+12,8452,28,5458,1.68E+12,1.68E+12,8608,27,4470,STUN,Network,0,6,,,,,,network,7243525297
61,0,192.168.2.115,20:1e:88:5e:a0:9c,20:1e:88,58612,125.39.9.36,2c:b2:1a:55:86:07,2c:b2:1a,19302,17,4,0,0,1.68E+12,1.68E+12,60,2,204,1.68E+12,1.68E+12,0,1,62,1.68E+12,1.68E+12,0,1,142,STUN,Network,1,3,,,,,,network,7039627954
62,0,192.168.2.115,20:1e:88:5e:a0:9c,20:1e:88,58622,125.39.9.36,2c:b2:1a:55:86:07,2c:b2:1a,19302,17,4,0,0,1.68E+12,1.68E+12,60,2,204,1.68E+12,1.68E+12,0,1,62,1.68E+12,1.68E+12,0,1,142,STUN,Network,1,3,,,,,,network,7041856182
63,0,192.168.2.115,20:1e:88:5e:a0:9c,20:1e:88,58610,123.118.175.113,2c:b2:1a:55:86:07,2c:b2:1a,62404,17,4,0,0,1.68E+12,1.68E+12,8399,59,9713,1.68E+12,1.68E+12,8399,30,5186,1.68E+12,1.68E+12,8367,29,4527,STUN,Network,0,6,,,,,,network,6441879857
64,0,192.168.2.115,20:1e:88:5e:a0:9c,20:1e:88,58614,1.190.146.228,2c:b2:1a:55:86:07,2c:b2:1a,42785,17,4,0,0,1.68E+12,1.68E+12,5081,52,8431,1.68E+12,1.68E+12,5081,26,4329,1.68E+12,1.68E+12,5016,26,4102,STUN,Network,0,6,,,,,,network,6408817457
65,0,192.168.2.115,20:1e:88:5e:a0:9c,20:1e:88,58632,125.39.9.36,2c:b2:1a:55:86:07,2c:b2:1a,19302,17,4,0,0,1.68E+12,1.68E+12,62,2,204,1.68E+12,1.68E+12,0,1,62,1.68E+12,1.68E+12,0,1,142,STUN,Network,1,3,,,,,,network,7312389046
66,0,192.168.2.115,20:1e:88:5e:a0:9c,20:1e:88,58642,125.39.9.36,2c:b2:1a:55:86:07,2c:b2:1a,19302,17,4,0,0,1.68E+12,1.68E+12,62,2,204,1.68E+12,1.68E+12,0,1,62,1.68E+12,1.68E+12,0,1,142,STUN,Network,1,3,,,,,,network,7314617270
67,0,192.168.2.115,20:1e:88:5e:a0:9c,20:1e:88,58642,119.50.74.214,2c:b2:1a:55:86:07,2c:b2:1a,2775,17,4,0,0,1.68E+12,1.68E+12,7689,54,9436,1.68E+12,1.68E+12,7627,27,4995,1.68E+12,1.68E+12,7673,27,4441,STUN,Network,0,6,,,,,,network,6945720629
68,0,192.168.2.115,20:1e:88:5e:a0:9c,20:1e:88,5904,106.11.43.158,2c:b2:1a:55:86:07,2c:b2:1a,443,6,4,0,0,1.68E+12,1.68E+12,56,2,121,1.68E+12,1.68E+12,0,1,55,1.68E+12,1.68E+12,0,1,66,TLS,Web,1,1,,,,,,web,6945501111
69,0,192.168.2.115,20:1e:88:5e:a0:9c,20:1e:88,5923,111.123.54.251,2c:b2:1a:55:86:07,2c:b2:1a,443,6,4,0,0,1.68E+12,1.68E+12,17,2,121,1.68E+12,1.68E+12,0,1,55,1.68E+12,1.68E+12,0,1,66,TLS,Web,1,1,,,,,,web,6570228918
70,0,192.168.2.115,20:1e:88:5e:a0:9c,20:1e:88,5921,114.112.207.37,2c:b2:1a:55:86:07,2c:b2:1a,443,6,4,0,0,1.68E+12,1.68E+12,47,2,121,1.68E+12,1.68E+12,0,1,55,1.68E+12,1.68E+12,0,1,66,TLS,Web,1,1,,,,,,web,7379827126
71,0,192.168.2.115,20:1e:88:5e:a0:9c,20:1e:88,5933,49.79.227.164,2c:b2:1a:55:86:07,2c:b2:1a,443,6,4,0,0,1.68E+12,1.68E+12,44,2,121,1.68E+12,1.68E+12,0,1,55,1.68E+12,1.68E+12,0,1,66,TLS,Web,1,1,,,,,,web,6698155187
72,0,192.168.2.115,20:1e:88:5e:a0:9c,20:1e:88,4557,120.241.44.38,2c:b2:1a:55:86:07,2c:b2:1a,10014,6,4,0,0,1.68E+12,1.68E+12,3002,7,731,1.68E+12,1.68E+12,2959,3,375,1.68E+12,1.68E+12,2958,4,356,TLS,Web,0,6,,,,,,web,7346286000
73,0,192.168.2.115,20:1e:88:5e:a0:9c,20:1e:88,58652,125.39.9.36,2c:b2:1a:55:86:07,2c:b2:1a,19302,17,4,0,0,1.68E+12,1.68E+12,50,2,204,1.68E+12,1.68E+12,0,1,62,1.68E+12,1.68E+12,0,1,142,STUN,Network,1,3,,,,,,network,7040021174
74,0,192.168.2.115,20:1e:88:5e:a0:9c,20:1e:88,58662,125.39.9.36,2c:b2:1a:55:86:07,2c:b2:1a,19302,17,4,0,0,1.68E+12,1.68E+12,61,2,204,1.68E+12,1.68E+12,0,1,62,1.68E+12,1.68E+12,0,1,142,STUN,Network,1,3,,,,,,network,7042118322
75,0,192.168.2.115,20:1e:88:5e:a0:9c,20:1e:88,58660,123.116.102.205,2c:b2:1a:55:86:07,2c:b2:1a,49818,17,4,0,0,1.68E+12,1.68E+12,1293,40,7933,1.68E+12,1.68E+12,1242,20,4201,1.68E+12,1.68E+12,1265,20,3732,STUN,Network,0,6,,,,,,network,8411639216
76,0,192.168.2.115,20:1e:88:5e:a0:9c,20:1e:88,58662,123.146.203.226,2c:b2:1a:55:86:07,2c:b2:1a,9784,17,4,0,0,1.68E+12,1.68E+12,1265,41,7885,1.68E+12,1.68E+12,1242,20,4367,1.68E+12,1.68E+12,1245,21,3518,STUN,Network,0,6,,,,,,network,6639539253
77,0,192.168.2.115,20:1e:88:5e:a0:9c,20:1e:88,58658,120.201.234.123,2c:b2:1a:55:86:07,2c:b2:1a,11442,17,4,0,0,1.68E+12,1.68E+12,1745,28,3976,1.68E+12,1.68E+12,1745,28,3976,0,0,0,0,0,STUN,Network,0,6,,,,,,network,6032877744
78,0,192.168.2.115,20:1e:88:5e:a0:9c,20:1e:88,51772,192.168.2.1,2c:b2:1a:55:86:07,2c:b2:1a,53,17,4,0,0,1.68E+12,1.68E+12,18,2,273,1.68E+12,1.68E+12,0,1,78,1.68E+12,1.68E+12,0,1,195,DNS,Network,0,6,valp.atm.youku.com,,,,,dns,6528167088
79,0,192.168.2.115,20:1e:88:5e:a0:9c,20:1e:88,49379,175.154.176.191,2c:b2:1a:55:86:07,2c:b2:1a,27323,17,4,0,0,1.68E+12,1.68E+12,14367,228,32376,1.68E+12,1.68E+12,14367,228,32376,0,0,0,0,0,STUN,Network,0,6,,,,,,network,7312650678
80,0,192.168.2.115,20:1e:88:5e:a0:9c,20:1e:88,49371,111.201.150.3,2c:b2:1a:55:86:07,2c:b2:1a,20891,17,4,0,0,1.68E+12,1.68E+12,9109,59,10306,1.68E+12,1.68E+12,8939,30,5673,1.68E+12,1.68E+12,9057,29,4633,STUN,Network,0,6,,,,,,network,7235061809
81,0,157.148.54.156,2c:b2:1a:55:86:07,2c:b2:1a,8000,192.168.2.115,20:1e:88:5e:a0:9c,20:1e:88,4028,17,4,0,0,1.68E+12,1.68E+12,15666,6,774,1.68E+12,1.68E+12,15666,6,774,0,0,0,0,0,Unknown,Unspecified,0,0,,,,,,unspecified,6383389489
82,0,192.168.2.115,20:1e:88:5e:a0:9c,20:1e:88,49391,125.39.9.36,2c:b2:1a:55:86:07,2c:b2:1a,19302,17,4,0,0,1.68E+12,1.68E+12,10115,4,408,1.68E+12,1.68E+12,10056,2,124,1.68E+12,1.68E+12,10061,2,284,STUN,Network,1,3,,,,,,network,7449022771
83,0,192.168.2.115,20:1e:88:5e:a0:9c,20:1e:88,49401,125.39.9.36,2c:b2:1a:55:86:07,2c:b2:1a,19302,17,4,0,0,1.68E+12,1.68E+12,68,2,204,1.68E+12,1.68E+12,0,1,62,1.68E+12,1.68E+12,0,1,142,STUN,Network,1,3,,,,,,network,7449022771
84,0,192.168.2.115,20:1e:88:5e:a0:9c,20:1e:88,49405,123.139.23.127,2c:b2:1a:55:86:07,2c:b2:1a,18580,17,4,0,0,1.68E+12,1.68E+12,16546,68,10966,1.68E+12,1.68E+12,16289,34,5947,1.68E+12,1.68E+12,16537,34,5019,STUN,Network,0,6,,,,,,network,6631002163
85,0,192.168.2.115,20:1e:88:5e:a0:9c,20:1e:88,5950,114.112.207.37,2c:b2:1a:55:86:07,2c:b2:1a,443,6,4,0,0,1.68E+12,1.68E+12,10011,32,9800,1.68E+12,1.68E+12,9902,16,3353,1.68E+12,1.68E+12,9962,16,6447,TLS.Alibaba,Web,0,6,yt1.mmstat.com,39702233bf566f395266354013f18db1,b898351eb5e266aefd3723d466935494,,,web,6945763253
86,0,218.194.224.231,2c:b2:1a:55:86:07,2c:b2:1a,443,192.168.2.115,20:1e:88:5e:a0:9c,20:1e:88,22764,6,4,0,0,1.68E+12,1.68E+12,17409,11,2064,1.68E+12,1.68E+12,17409,6,1794,1.68E+12,1.68E+12,17254,5,270,TLS,Web,1,1,,,,,,web,6400084275
87,0,192.168.2.115,20:1e:88:5e:a0:9c,20:1e:88,55556,58.20.156.37,2c:b2:1a:55:86:07,2c:b2:1a,4480,17,4,0,0,1.68E+12,1.68E+12,16018,32,4052,1.68E+12,1.68E+12,16018,16,2032,1.68E+12,1.68E+12,15987,16,2020,STUN,Network,0,6,,,,,,network,7431541041
88,0,192.168.2.115,20:1e:88:5e:a0:9c,20:1e:88,5951,106.8.151.228,2c:b2:1a:55:86:07,2c:b2:1a,80,6,4,0,0,1.68E+12,1.68E+12,193,16,4688,1.68E+12,1.68E+12,135,8,4008,1.68E+12,1.68E+12,127,8,680,HTTP.Alibaba,Web,0,6,static-pcs-sdk-server.alibaba.com,,,WinHttpClient,application/json,web,6962532149
89,0,192.168.2.115,20:1e:88:5e:a0:9c,20:1e:88,49397,221.241.189.209,2c:b2:1a:55:86:07,2c:b2:1a,53561,17,4,0,0,1.68E+12,1.68E+12,14976,239,33938,1.68E+12,1.68E+12,14976,239,33938,0,0,0,0,0,STUN,Network,0,6,,,,,,network,8455613360
90,0,192.168.2.115,20:1e:88:5e:a0:9c,20:1e:88,49399,175.153.169.225,2c:b2:1a:55:86:07,2c:b2:1a,17832,17,4,0,0,1.68E+12,1.68E+12,14961,238,33796,1.68E+12,1.68E+12,14961,238,33796,0,0,0,0,0,STUN,Network,0,6,,,,,,network,7176327735
91,0,192.168.2.115,20:1e:88:5e:a0:9c,20:1e:88,58556,125.39.9.36,2c:b2:1a:55:86:07,2c:b2:1a,19302,17,4,0,0,1.68E+12,1.68E+12,55,2,204,1.68E+12,1.68E+12,0,1,62,1.68E+12,1.68E+12,0,1,142,STUN,Network,1,3,,,,,,network,7040021174
92,0,192.168.2.115,20:1e:88:5e:a0:9c,20:1e:88,58566,125.39.9.36,2c:b2:1a:55:86:07,2c:b2:1a,19302,17,4,0,0,1.68E+12,1.68E+12,10136,4,408,1.68E+12,1.68E+12,10078,2,124,1.68E+12,1.68E+12,10079,2,284,STUN,Network,1,3,,,,,,network,7040021174
93,0,192.168.2.115,20:1e:88:5e:a0:9c,20:1e:88,58570,110.241.39.166,2c:b2:1a:55:86:07,2c:b2:1a,23372,17,4,0,0,1.68E+12,1.68E+12,5869,52,8207,1.68E+12,1.68E+12,5792,26,4222,1.68E+12,1.68E+12,5816,26,3985,STUN,Network,0,6,,,,,,network,7306442168
94,0,192.168.2.115,20:1e:88:5e:a0:9c,20:1e:88,1034,218.194.224.231,2c:b2:1a:55:86:07,2c:b2:1a,443,6,4,0,0,1.68E+12,1.68E+12,10260,6,600,1.68E+12,1.68E+12,10260,4,322,1.68E+12,1.68E+12,10102,2,278,TLS,Web,0,6,,,,,,web,7482634165
95,0,192.168.2.115,20:1e:88:5e:a0:9c,20:1e:88,58576,125.39.9.36,2c:b2:1a:55:86:07,2c:b2:1a,19302,17,4,0,0,1.68E+12,1.68E+12,56,2,204,1.68E+12,1.68E+12,0,1,62,1.68E+12,1.68E+12,0,1,142,STUN,Network,1,3,,,,,,network,7042117814
96,0,192.168.2.115,20:1e:88:5e:a0:9c,20:1e:88,58586,125.39.9.36,2c:b2:1a:55:86:07,2c:b2:1a,19302,17,4,0,0,1.68E+12,1.68E+12,10116,4,408,1.68E+12,1.68E+12,10065,2,124,1.68E+12,1.68E+12,10061,2,284,STUN,Network,1,3,,,,,,network,7040021174
97,0,192.168.2.115,20:1e:88:5e:a0:9c,20:1e:88,58582,123.112.67.60,2c:b2:1a:55:86:07,2c:b2:1a,19578,17,4,0,0,1.68E+12,1.68E+12,11426,63,10464,1.68E+12,1.68E+12,11363,31,5665,1.68E+12,1.68E+12,11371,32,4799,STUN,Network,0,6,,,,,,network,7167954993
98,0,192.168.2.115,20:1e:88:5e:a0:9c,20:1e:88,58576,117.12.232.31,2c:b2:1a:55:86:07,2c:b2:1a,30049,17,4,0,0,1.68E+12,1.68E+12,3777,49,8595,1.68E+12,1.68E+12,3700,25,4401,1.68E+12,1.68E+12,3745,24,4194,STUN,Network,0,6,,,,,,network,6912020791
99,0,192.168.2.115,20:1e:88:5e:a0:9c,20:1e:88,55556,125.39.9.36,2c:b2:1a:55:86:07,2c:b2:1a,19302,17,4,0,0,1.68E+12,1.68E+12,10168,4,408,1.68E+12,1.68E+12,10082,2,124,1.68E+12,1.68E+12,10101,2,284,STUN,Network,1,3,,,,,,network,7040021174
100,0,192.168.2.115,20:1e:88:5e:a0:9c,20:1e:88,55566,125.39.9.36,2c:b2:1a:55:86:07,2c:b2:1a,19302,17,4,0,0,1.68E+12,1.68E+12,67,2,204,1.68E+12,1.68E+12,0,1,62,1.68E+12,1.68E+12,0,1,142,STUN,Network,1,3,,,,,,network,7176410165
101,0,192.168.2.115,20:1e:88:5e:a0:9c,20:1e:88,5879,59.82.31.250,2c:b2:1a:55:86:07,2c:b2:1a,443,6,4,0,0,1.68E+12,1.68E+12,8347,173,171371,1.68E+12,1.68E+12,8347,31,18424,1.68E+12,1.68E+12,8291,142,152947,TLS,Web,0,6,,,,,,web,7243455031
102,0,192.168.2.115,20:1e:88:5e:a0:9c,20:1e:88,58596,125.39.9.36,2c:b2:1a:55:86:07,2c:b2:1a,19302,17,4,0,0,1.68E+12,1.68E+12,61,2,204,1.68E+12,1.68E+12,0,1,62,1.68E+12,1.68E+12,0,1,142,STUN,Network,1,3,,,,,,network,7312650678
103,0,192.168.2.115,20:1e:88:5e:a0:9c,20:1e:88,58606,125.39.9.36,2c:b2:1a:55:86:07,2c:b2:1a,19302,17,4,0,0,1.68E+12,1.68E+12,61,2,204,1.68E+12,1.68E+12,0,1,62,1.68E+12,1.68E+12,0,1,142,STUN,Network,1,3,,,,,,network,7314617270
104,0,192.168.2.115,20:1e:88:5e:a0:9c,20:1e:88,49381,125.39.9.36,2c:b2:1a:55:86:07,2c:b2:1a,19302,17,4,0,0,1.68E+12,1.68E+12,51,2,204,1.68E+12,1.68E+12,0,1,62,1.68E+12,1.68E+12,0,1,142,STUN,Network,1,3,,,,,,network,7176409137
105,0,192.168.2.115,20:1e:88:5e:a0:9c,20:1e:88,58592,119.188.52.31,2c:b2:1a:55:86:07,2c:b2:1a,4480,17,4,0,0,1.68E+12,1.68E+12,7533,51,7863,1.68E+12,1.68E+12,7480,27,4136,1.68E+12,1.68E+12,7484,24,3727,STUN,Network,0,6,,,,,,network,6809266610
106,0,192.168.2.115,20:1e:88:5e:a0:9c,20:1e:88,58594,58.20.156.34,2c:b2:1a:55:86:07,2c:b2:1a,4480,17,4,0,0,1.68E+12,1.68E+12,1657,43,6846,1.68E+12,1.68E+12,1624,23,3615,1.68E+12,1.68E+12,1628,20,3231,STUN,Network,0,6,,,,,,network,6272018864
107,0,192.168.2.115,20:1e:88:5e:a0:9c,20:1e:88,58616,125.39.9.36,2c:b2:1a:55:86:07,2c:b2:1a,19302,17,4,0,0,1.68E+12,1.68E+12,60,2,204,1.68E+12,1.68E+12,0,1,62,1.68E+12,1.68E+12,0,1,142,STUN,Network,1,3,,,,,,network,7039889590
108,0,192.168.2.115,20:1e:88:5e:a0:9c,20:1e:88,58626,125.39.9.36,2c:b2:1a:55:86:07,2c:b2:1a,19302,17,4,0,0,1.68E+12,1.68E+12,60,2,204,1.68E+12,1.68E+12,0,1,62,1.68E+12,1.68E+12,0,1,142,STUN,Network,1,3,,,,,,network,7042118326
109,0,192.168.2.115,20:1e:88:5e:a0:9c,20:1e:88,58636,125.39.9.36,2c:b2:1a:55:86:07,2c:b2:1a,19302,17,4,0,0,1.68E+12,1.68E+12,62,2,204,1.68E+12,1.68E+12,0,1,62,1.68E+12,1.68E+12,0,1,142,STUN,Network,1,3,,,,,,network,7312651190
110,0,192.168.2.115,20:1e:88:5e:a0:9c,20:1e:88,5888,106.11.43.183,2c:b2:1a:55:86:07,2c:b2:1a,443,6,4,0,0,1.68E+12,1.68E+12,78,2,121,1.68E+12,1.68E+12,0,1,55,1.68E+12,1.68E+12,0,1,66,TLS,Web,1,1,,,,,,web,6698155187
111,0,192.168.2.115,20:1e:88:5e:a0:9c,20:1e:88,58640,183.134.202.68,2c:b2:1a:55:86:07,2c:b2:1a,18195,17,4,0,0,1.68E+12,1.68E+12,7172,115,16330,1.68E+12,1.68E+12,7172,115,16330,0,0,0,0,0,STUN,Network,0,6,,,,,,network,7440634679
112,0,192.168.2.115,20:1e:88:5e:a0:9c,20:1e:88,5892,111.123.54.251,2c:b2:1a:55:86:07,2c:b2:1a,443,6,4,0,0,1.68E+12,1.68E+12,40,2,121,1.68E+12,1.68E+12,0,1,55,1.68E+12,1.68E+12,0,1,66,TLS,Web,1,1,,,,,,web,6945345335
113,0,192.168.2.115,20:1e:88:5e:a0:9c,20:1e:88,5929,203.119.169.246,2c:b2:1a:55:86:07,2c:b2:1a,443,6,4,0,0,1.68E+12,1.68E+12,50,2,121,1.68E+12,1.68E+12,0,1,55,1.68E+12,1.68E+12,0,1,66,TLS,Web,1,1,,,,,,web,7314683318
114,0,192.168.2.115,20:1e:88:5e:a0:9c,20:1e:88,5916,114.112.207.71,2c:b2:1a:55:86:07,2c:b2:1a,443,6,4,0,0,1.68E+12,1.68E+12,43,2,121,1.68E+12,1.68E+12,0,1,55,1.68E+12,1.68E+12,0,1,66,TLS,Web,1,1,,,,,,web,6912020791
115,0,192.168.2.115,20:1e:88:5e:a0:9c,20:1e:88,58646,125.39.9.36,2c:b2:1a:55:86:07,2c:b2:1a,19302,17,4,0,0,1.68E+12,1.68E+12,51,2,204,1.68E+12,1.68E+12,0,1,62,1.68E+12,1.68E+12,0,1,142,STUN,Network,1,3,,,,,,network,7314616758
116,0,192.168.2.115,20:1e:88:5e:a0:9c,20:1e:88,58656,125.39.9.36,2c:b2:1a:55:86:07,2c:b2:1a,19302,17,4,0,0,1.68E+12,1.68E+12,61,2,204,1.68E+12,1.68E+12,0,1,62,1.68E+12,1.68E+12,0,1,142,STUN,Network,1,3,,,,,,network,7040021174
117,0,192.168.2.115,20:1e:88:5e:a0:9c,20:1e:88,5961,106.8.151.228,2c:b2:1a:55:86:07,2c:b2:1a,80,6,4,0,0,1.68E+12,1.68E+12,175,15,4634,1.68E+12,1.68E+12,121,8,4008,1.68E+12,1.68E+12,116,7,626,HTTP.Alibaba,Web,0,6,static-pcs-sdk-server.alibaba.com,,,WinHttpClient,application/json,web,6962532149
118,0,192.168.2.115,20:1e:88:5e:a0:9c,20:1e:88,27614,218.194.224.231,2c:b2:1a:55:86:07,2c:b2:1a,443,6,4,0,0,1.68E+12,1.68E+12,180,3,396,1.68E+12,1.68E+12,180,2,241,1.68E+12,1.68E+12,0,1,155,TLS,Web,1,1,,,,,,web,7235061809
119,0,192.168.2.115,20:1e:88:5e:a0:9c,20:1e:88,27615,157.148.32.167,2c:b2:1a:55:86:07,2c:b2:1a,8080,6,4,0,0,1.68E+12,1.68E+12,92,4,343,1.68E+12,1.68E+12,92,2,161,1.68E+12,1.68E+12,7,2,182,HTTP_Proxy,Web,1,1,,,,,,web,6528150706
120,0,192.168.2.115,20:1e:88:5e:a0:9c,20:1e:88,49375,123.112.23.43,2c:b2:1a:55:86:07,2c:b2:1a,59414,17,4,0,0,1.68E+12,1.68E+12,14367,229,32518,1.68E+12,1.68E+12,14367,229,32518,0,0,0,0,0,STUN,Network,0,6,,,,,,network,8308873265
121,0,192.168.2.115,20:1e:88:5e:a0:9c,20:1e:88,49381,124.236.98.6,2c:b2:1a:55:86:07,2c:b2:1a,7085,17,4,0,0,1.68E+12,1.68E+12,14367,229,32518,1.68E+12,1.68E+12,14367,229,32518,0,0,0,0,0,STUN,Network,0,6,,,,,,network,6664473653
122,0,47.92.21.249,2c:b2:1a:55:86:07,2c:b2:1a,443,192.168.2.115,20:1e:88:5e:a0:9c,20:1e:88,5910,6,4,0,0,1.68E+12,1.68E+12,17337,746,302521,1.68E+12,1.68E+12,17297,274,136055,1.68E+12,1.68E+12,17337,472,166466,TLS,Web,0,6,,,,,,web,7516159411
123,0,192.168.2.115,20:1e:88:5e:a0:9c,20:1e:88,49385,220.197.181.38,2c:b2:1a:55:86:07,2c:b2:1a,38624,17,4,0,0,1.68E+12,1.68E+12,9151,27,3209,1.68E+12,1.68E+12,9068,14,1654,1.68E+12,1.68E+12,8580,13,1555,DTLS,Web,0,6,,,,,,web,7168021561
124,0,192.168.2.115,20:1e:88:5e:a0:9c,20:1e:88,5353,224.0.0.251,01:00:5e:00:00:fb,01:00:5e,5353,17,4,0,0,1.68E+12,1.68E+12,16869,135,13992,1.68E+12,1.68E+12,16869,135,13992,0,0,0,0,0,MDNS,Network,0,6,dadb9d64-09ba-45be-af86-ed5e38a78138.local,,,,,network,5991442610
125,0,192.168.2.115,20:1e:88:5e:a0:9c,20:1e:88,49389,125.39.9.36,2c:b2:1a:55:86:07,2c:b2:1a,19302,17,4,0,0,1.68E+12,1.68E+12,10110,4,408,1.68E+12,1.68E+12,10056,2,124,1.68E+12,1.68E+12,10056,2,284,STUN,Network,1,3,,,,,,network,7176409137
126,0,192.168.2.115,20:1e:88:5e:a0:9c,20:1e:88,49399,125.39.9.36,2c:b2:1a:55:86:07,2c:b2:1a,19302,17,4,0,0,1.68E+12,1.68E+12,10127,4,408,1.68E+12,1.68E+12,10073,2,124,1.68E+12,1.68E+12,10059,2,284,STUN,Network,1,3,,,,,,network,7167938611
127,0,192.168.2.115,20:1e:88:5e:a0:9c,20:1e:88,55560,116.171.246.157,2c:b2:1a:55:86:07,2c:b2:1a,40166,17,4,0,0,1.68E+12,1.68E+12,14964,238,33796,1.68E+12,1.68E+12,14964,238,33796,0,0,0,0,0,STUN,Network,0,6,,,,,,network,6519713460
128,0,192.168.2.115,20:1e:88:5e:a0:9c,20:1e:88,58564,125.39.9.36,2c:b2:1a:55:86:07,2c:b2:1a,19302,17,4,0,0,1.68E+12,1.68E+12,10136,4,408,1.68E+12,1.68E+12,10078,2,124,1.68E+12,1.68E+12,10079,2,284,STUN,Network,1,3,,,,,,network,7031715508
129,0,192.168.2.115,20:1e:88:5e:a0:9c,20:1e:88,58574,125.39.9.36,2c:b2:1a:55:86:07,2c:b2:1a,19302,17,4,0,0,1.68E+12,1.68E+12,10135,4,408,1.68E+12,1.68E+12,10077,2,124,1.68E+12,1.68E+12,10069,2,284,STUN,Network,1,3,,,,,,network,7040038580
130,0,192.168.2.115,20:1e:88:5e:a0:9c,20:1e:88,58584,125.39.9.36,2c:b2:1a:55:86:07,2c:b2:1a,19302,17,4,0,0,1.68E+12,1.68E+12,10134,4,408,1.68E+12,1.68E+12,10076,2,124,1.68E+12,1.68E+12,10069,2,284,STUN,Network,1,3,,,,,,network,7023260340
131,0,192.168.2.115,20:1e:88:5e:a0:9c,20:1e:88,58590,14.161.33.147,2c:b2:1a:55:86:07,2c:b2:1a,59361,17,4,0,0,1.68E+12,1.68E+12,11680,71,11520,1.68E+12,1.68E+12,11405,36,6273,1.68E+12,1.68E+12,11635,35,5247,STUN,Network,0,6,,,,,,network,6160869553
132,0,192.168.2.115,20:1e:88:5e:a0:9c,20:1e:88,55554,125.39.9.36,2c:b2:1a:55:86:07,2c:b2:1a,19302,17,4,0,0,1.68E+12,1.68E+12,67,2,204,1.68E+12,1.68E+12,0,1,62,1.68E+12,1.68E+12,0,1,142,STUN,Network,1,3,,,,,,network,7176345141
133,0,192.168.2.115,20:1e:88:5e:a0:9c,20:1e:88,55564,125.39.9.36,2c:b2:1a:55:86:07,2c:b2:1a,19302,17,4,0,0,1.68E+12,1.68E+12,67,2,204,1.68E+12,1.68E+12,0,1,62,1.68E+12,1.68E+12,0,1,142,STUN,Network,1,3,,,,,,network,7176345141
134,0,192.168.2.115,20:1e:88:5e:a0:9c,20:1e:88,58594,125.39.9.36,2c:b2:1a:55:86:07,2c:b2:1a,19302,17,4,0,0,1.68E+12,1.68E+12,61,2,204,1.68E+12,1.68E+12,0,1,62,1.68E+12,1.68E+12,0,1,142,STUN,Network,1,3,,,,,,network,7040037556
135,0,192.168.2.115,20:1e:88:5e:a0:9c,20:1e:88,58604,125.39.9.36,2c:b2:1a:55:86:07,2c:b2:1a,19302,17,4,0,0,1.68E+12,1.68E+12,61,2,204,1.68E+12,1.68E+12,0,1,62,1.68E+12,1.68E+12,0,1,142,STUN,Network,1,3,,,,,,network,7041856182
136,0,192.168.2.115,20:1e:88:5e:a0:9c,20:1e:88,49379,125.39.9.36,2c:b2:1a:55:86:07,2c:b2:1a,19302,17,4,0,0,1.68E+12,1.68E+12,71,2,204,1.68E+12,1.68E+12,0,1,62,1.68E+12,1.68E+12,0,1,142,STUN,Network,1,3,,,,,,network,7448909113
137,0,192.168.2.115,20:1e:88:5e:a0:9c,20:1e:88,58608,60.222.123.37,2c:b2:1a:55:86:07,2c:b2:1a,27435,17,4,0,0,1.68E+12,1.68E+12,8641,56,9698,1.68E+12,1.68E+12,8641,28,5307,1.68E+12,1.68E+12,8625,28,4391,STUN,Network,0,6,,,,,,network,7168021561
138,0,192.168.2.115,20:1e:88:5e:a0:9c,20:1e:88,58614,125.39.9.36,2c:b2:1a:55:86:07,2c:b2:1a,19302,17,4,0,0,1.68E+12,1.68E+12,60,2,204,1.68E+12,1.68E+12,0,1,62,1.68E+12,1.68E+12,0,1,142,STUN,Network,1,3,,,,,,network,7039760054
139,0,192.168.2.115,20:1e:88:5e:a0:9c,20:1e:88,58624,125.39.9.36,2c:b2:1a:55:86:07,2c:b2:1a,19302,17,4,0,0,1.68E+12,1.68E+12,60,2,204,1.68E+12,1.68E+12,0,1,62,1.68E+12,1.68E+12,0,1,142,STUN,Network,1,3,,,,,,network,7025096372
140,0,192.168.2.115,20:1e:88:5e:a0:9c,20:1e:88,58626,221.223.202.158,2c:b2:1a:55:86:07,2c:b2:1a,21026,17,4,0,0,1.68E+12,1.68E+12,693,42,7509,1.68E+12,1.68E+12,639,21,3849,1.68E+12,1.68E+12,656,21,3660,STUN,Network,0,6,,,,,,network,7297331632
141,0,192.168.2.115,20:1e:88:5e:a0:9c,20:1e:88,58612,111.199.56.72,2c:b2:1a:55:86:07,2c:b2:1a,23640,17,4,0,0,1.68E+12,1.68E+12,7695,54,9435,1.68E+12,1.68E+12,7625,27,4995,1.68E+12,1.68E+12,7658,27,4440,STUN,Network,0,6,,,,,,network,7440175411
142,0,192.168.2.115,20:1e:88:5e:a0:9c,20:1e:88,58618,139.227.137.40,2c:b2:1a:55:86:07,2c:b2:1a,62644,17,4,0,0,1.68E+12,1.68E+12,7666,51,8807,1.68E+12,1.68E+12,7624,26,4737,1.68E+12,1.68E+12,7626,25,4070,STUN,Network,0,6,,,,,,network,6408890801
143,0,192.168.2.115,20:1e:88:5e:a0:9c,20:1e:88,58616,118.77.152.69,2c:b2:1a:55:86:07,2c:b2:1a,49748,17,4,0,0,1.68E+12,1.68E+12,4772,48,8308,1.68E+12,1.68E+12,4772,25,4341,1.68E+12,1.68E+12,4736,23,3967,STUN,Network,0,6,,,,,,network,8300416049
144,0,192.168.2.115,20:1e:88:5e:a0:9c,20:1e:88,58634,125.39.9.36,2c:b2:1a:55:86:07,2c:b2:1a,19302,17,4,0,0,1.68E+12,1.68E+12,62,2,204,1.68E+12,1.68E+12,0,1,62,1.68E+12,1.68E+12,0,1,142,STUN,Network,1,3,,,,,,network,7022999220
145,0,192.168.2.115,20:1e:88:5e:a0:9c,20:1e:88,58644,125.39.9.36,2c:b2:1a:55:86:07,2c:b2:1a,19302,17,4,0,0,1.68E+12,1.68E+12,62,2,204,1.68E+12,1.68E+12,0,1,62,1.68E+12,1.68E+12,0,1,142,STUN,Network,1,3,,,,,,network,7042118326
146,0,192.168.2.115,20:1e:88:5e:a0:9c,20:1e:88,58644,124.165.83.165,2c:b2:1a:55:86:07,2c:b2:1a,59795,17,4,0,0,1.68E+12,1.68E+12,8006,130,17912,1.68E+12,1.68E+12,0,1,142,1.68E+12,1.68E+12,7953,129,17770,STUN,Network,0,6,,,,,,network,7337897392
147,0,192.168.2.115,20:1e:88:5e:a0:9c,20:1e:88,5903,106.11.43.246,2c:b2:1a:55:86:07,2c:b2:1a,443,6,4,0,0,1.68E+12,1.68E+12,69,2,121,1.68E+12,1.68E+12,0,1,55,1.68E+12,1.68E+12,0,1,66,TLS,Web,1,1,,,,,,web,6800649654
148,0,192.168.2.115,20:1e:88:5e:a0:9c,20:1e:88,5895,124.72.130.238,2c:b2:1a:55:86:07,2c:b2:1a,443,6,4,0,0,1.68E+12,1.68E+12,59,2,121,1.68E+12,1.68E+12,0,1,55,1.68E+12,1.68E+12,0,1,66,TLS,Web,1,1,,,,,,web,6945501111
149,0,192.168.2.115,20:1e:88:5e:a0:9c,20:1e:88,5926,106.11.43.107,2c:b2:1a:55:86:07,2c:b2:1a,443,6,4,0,0,1.68E+12,1.68E+12,4178,11,1598,1.68E+12,1.68E+12,4082,5,965,1.68E+12,1.68E+12,4127,6,633,TLS,Web,1,1,,,,,,web,7516159411
150,0,192.168.2.115,20:1e:88:5e:a0:9c,20:1e:88,5941,119.0.102.252,2c:b2:1a:55:86:07,2c:b2:1a,443,6,4,0,0,1.68E+12,1.68E+12,5985,13,3269,1.68E+12,1.68E+12,5922,5,423,1.68E+12,1.68E+12,5969,8,2846,TLS,Web,1,1,,,,,,web,7448917435
151,0,192.168.2.115,20:1e:88:5e:a0:9c,20:1e:88,5959,106.8.151.228,2c:b2:1a:55:86:07,2c:b2:1a,80,6,4,0,0,1.68E+12,1.68E+12,236,15,4634,1.68E+12,1.68E+12,174,8,4008,1.68E+12,1.68E+12,134,7,626,HTTP.Alibaba,Web,0,6,static-pcs-sdk-server.alibaba.com,,,WinHttpClient,application/json,web,8581532471
152,0,192.168.2.115,20:1e:88:5e:a0:9c,20:1e:88,58654,125.39.9.36,2c:b2:1a:55:86:07,2c:b2:1a,19302,17,4,0,0,1.68E+12,1.68E+12,61,2,204,1.68E+12,1.68E+12,0,1,62,1.68E+12,1.68E+12,0,1,142,STUN,Network,1,3,,,,,,network,7040021174
153,0,192.168.2.115,20:1e:88:5e:a0:9c,20:1e:88,58652,58.20.156.34,2c:b2:1a:55:86:07,2c:b2:1a,4480,17,4,0,0,1.68E+12,1.68E+12,1277,39,6460,1.68E+12,1.68E+12,1277,20,3309,1.68E+12,1.68E+12,1243,19,3151,STUN,Network,0,6,,,,,,network,6912020787
154,0,192.168.2.115,20:1e:88:5e:a0:9c,20:1e:88,62199,192.168.2.1,2c:b2:1a:55:86:07,2c:b2:1a,53,17,4,0,0,1.68E+12,1.68E+12,22,2,263,1.68E+12,1.68E+12,0,1,73,1.68E+12,1.68E+12,0,1,190,DNS,Network,0,6,ems.youku.com,,,,,dns,6433803059
155,0,182.242.213.167,2c:b2:1a:55:86:07,2c:b2:1a,443,192.168.2.115,20:1e:88:5e:a0:9c,20:1e:88,5814,6,4,0,0,1.68E+12,1.68E+12,19181,37847,36949677,1.68E+12,1.68E+12,19181,24707,36117719,1.68E+12,1.68E+12,19181,13140,831958,TLS,Web,1,1,,,,,,web,7058123952
156,0,192.168.2.115,20:1e:88:5e:a0:9c,20:1e:88,5881,59.82.31.250,2c:b2:1a:55:86:07,2c:b2:1a,443,6,4,0,0,1.68E+12,1.68E+12,16640,70,50917,1.68E+12,1.68E+12,16640,15,11504,1.68E+12,1.68E+12,16546,55,39413,TLS,Web,0,6,,,,,,web,6970932663
157,0,192.168.2.115,20:1e:88:5e:a0:9c,20:1e:88,49383,124.64.237.58,2c:b2:1a:55:86:07,2c:b2:1a,50928,17,4,0,0,1.68E+12,1.68E+12,8664,22,2578,1.68E+12,1.68E+12,8584,11,1299,1.68E+12,1.68E+12,8643,11,1279,STUN,Network,0,6,,,,,,network,8174136496
158,0,192.168.2.115,20:1e:88:5e:a0:9c,20:1e:88,49393,125.39.9.36,2c:b2:1a:55:86:07,2c:b2:1a,19302,17,4,0,0,1.68E+12,1.68E+12,10115,4,408,1.68E+12,1.68E+12,10056,2,124,1.68E+12,1.68E+12,10061,2,284,STUN,Network,1,3,,,,,,network,7176409141
159,0,192.168.2.115,20:1e:88:5e:a0:9c,20:1e:88,49403,125.39.9.36,2c:b2:1a:55:86:07,2c:b2:1a,19302,17,4,0,0,1.68E+12,1.68E+12,68,2,204,1.68E+12,1.68E+12,0,1,62,1.68E+12,1.68E+12,0,1,142,STUN,Network,1,3,,,,,,network,7167873075
160,0,192.168.2.115,20:1e:88:5e:a0:9c,20:1e:88,49393,221.192.179.141,2c:b2:1a:55:86:07,2c:b2:1a,7369,17,4,0,0,1.68E+12,1.68E+12,14969,238,33796,1.68E+12,1.68E+12,14969,238,33796,0,0,0,0,0,STUN,Network,0,6,,,,,,network,7312651190
161,0,192.168.2.115,20:1e:88:5e:a0:9c,20:1e:88,58558,125.39.9.36,2c:b2:1a:55:86:07,2c:b2:1a,19302,17,4,0,0,1.68E+12,1.68E+12,10136,4,408,1.68E+12,1.68E+12,10078,2,124,1.68E+12,1.68E+12,10079,2,284,STUN,Network,1,3,,,,,,network,7040021174
162,0,192.168.2.115,20:1e:88:5e:a0:9c,20:1e:88,58568,125.39.9.36,2c:b2:1a:55:86:07,2c:b2:1a,19302,17,4,0,0,1.68E+12,1.68E+12,10136,4,408,1.68E+12,1.68E+12,10078,2,124,1.68E+12,1.68E+12,10079,2,284,STUN,Network,1,3,,,,,,network,7042135224
163,0,192.168.2.115,20:1e:88:5e:a0:9c,20:1e:88,58560,114.249.134.223,2c:b2:1a:55:86:07,2c:b2:1a,5490,17,4,0,0,1.68E+12,1.68E+12,5870,51,8355,1.68E+12,1.68E+12,5792,26,4331,1.68E+12,1.68E+12,5823,25,4024,STUN,Network,0,6,,,,,,network,7498910001
164,0,192.168.2.115,20:1e:88:5e:a0:9c,20:1e:88,49391,61.79.86.80,2c:b2:1a:55:86:07,2c:b2:1a,58987,17,4,0,0,1.68E+12,1.68E+12,14826,68,11197,1.68E+12,1.68E+12,14653,34,6049,1.68E+12,1.68E+12,14794,34,5148,STUN,Network,0,6,,,,,,network,8589823281
165,0,192.168.2.115,20:1e:88:5e:a0:9c,20:1e:88,58562,113.204.167.235,2c:b2:1a:55:86:07,2c:b2:1a,18389,17,4,0,0,1.68E+12,1.68E+12,14943,238,33796,1.68E+12,1.68E+12,14943,238,33796,0,0,0,0,0,STUN,Network,0,6,,,,,,network,7448891703
166,0,192.168.2.115,20:1e:88:5e:a0:9c,20:1e:88,58578,125.39.9.36,2c:b2:1a:55:86:07,2c:b2:1a,19302,17,4,0,0,1.68E+12,1.68E+12,10135,4,408,1.68E+12,1.68E+12,10077,2,124,1.68E+12,1.68E+12,10069,2,284,STUN,Network,1,3,,,,,,network,7042135224
167,0,192.168.2.115,20:1e:88:5e:a0:9c,20:1e:88,58588,125.39.9.36,2c:b2:1a:55:86:07,2c:b2:1a,19302,17,4,0,0,1.68E+12,1.68E+12,10116,4,408,1.68E+12,1.68E+12,10065,2,124,1.68E+12,1.68E+12,10061,2,284,STUN,Network,1,3,,,,,,network,7024832688
168,0,192.168.2.115,20:1e:88:5e:a0:9c,20:1e:88,58584,113.204.227.19,2c:b2:1a:55:86:07,2c:b2:1a,50892,17,4,0,0,1.68E+12,1.68E+12,12960,62,10837,1.68E+12,1.68E+12,12932,31,6067,1.68E+12,1.68E+12,12950,31,4770,STUN,Network,0,6,,,,,,network,8539271089
169,0,192.168.2.115,20:1e:88:5e:a0:9c,20:1e:88,55558,125.39.9.36,2c:b2:1a:55:86:07,2c:b2:1a,19302,17,4,0,0,1.68E+12,1.68E+12,50,2,204,1.68E+12,1.68E+12,0,1,62,1.68E+12,1.68E+12,0,1,142,STUN,Network,1,3,,,,,,network,7176345141
170,0,192.168.2.115,20:1e:88:5e:a0:9c,20:1e:88,55568,125.39.9.36,2c:b2:1a:55:86:07,2c:b2:1a,19302,17,4,0,0,1.68E+12,1.68E+12,50,2,204,1.68E+12,1.68E+12,0,1,62,1.68E+12,1.68E+12,0,1,142,STUN,Network,1,3,,,,,,network,7168021561
171,0,192.168.2.115,20:1e:88:5e:a0:9c,20:1e:88,5902,111.170.130.230,2c:b2:1a:55:86:07,2c:b2:1a,443,6,4,0,0,1.68E+12,1.68E+12,11042,1260,1462934,1.68E+12,1.68E+12,11042,274,16712,1.68E+12,1.68E+12,10997,986,1446222,TLS,Web,0,6,,,,,,web,7107231414
172,0,192.168.2.115,20:1e:88:5e:a0:9c,20:1e:88,58598,125.39.9.36,2c:b2:1a:55:86:07,2c:b2:1a,19302,17,4,0,0,1.68E+12,1.68E+12,61,2,204,1.68E+12,1.68E+12,0,1,62,1.68E+12,1.68E+12,0,1,142,STUN,Network,1,3,,,,,,network,7040037040
173,0,192.168.2.115,20:1e:88:5e:a0:9c,20:1e:88,58608,125.39.9.36,2c:b2:1a:55:86:07,2c:b2:1a,19302,17,4,0,0,1.68E+12,1.68E+12,61,2,204,1.68E+12,1.68E+12,0,1,62,1.68E+12,1.68E+12,0,1,142,STUN,Network,1,3,,,,,,network,7042118322
174,0,192.168.2.115,20:1e:88:5e:a0:9c,20:1e:88,49373,125.39.9.36,2c:b2:1a:55:86:07,2c:b2:1a,19302,17,4,0,0,1.68E+12,1.68E+12,71,2,204,1.68E+12,1.68E+12,0,1,62,1.68E+12,1.68E+12,0,1,142,STUN,Network,1,3,,,,,,network,6912021811
175,0,192.168.2.115,20:1e:88:5e:a0:9c,20:1e:88,58618,125.39.9.36,2c:b2:1a:55:86:07,2c:b2:1a,19302,17,4,0,0,1.68E+12,1.68E+12,60,2,204,1.68E+12,1.68E+12,0,1,62,1.68E+12,1.68E+12,0,1,142,STUN,Network,1,3,,,,,,network,7040021682
176,0,192.168.2.115,20:1e:88:5e:a0:9c,20:1e:88,58624,123.116.25.231,2c:b2:1a:55:86:07,2c:b2:1a,6546,17,4,0,0,1.68E+12,1.68E+12,6254,80,12243,1.68E+12,1.68E+12,157,10,2218,1.68E+12,1.68E+12,6218,70,10025,STUN,Network,0,6,,,,,,network,6800780214
177,0,192.168.2.115,20:1e:88:5e:a0:9c,20:1e:88,58622,118.74.192.159,2c:b2:1a:55:86:07,2c:b2:1a,49605,17,4,0,0,1.68E+12,1.68E+12,8378,54,9436,1.68E+12,1.68E+12,8378,27,4995,1.68E+12,1.68E+12,8346,27,4441,STUN,Network,0,6,,,,,,network,6442412465
178,0,192.168.2.115,20:1e:88:5e:a0:9c,20:1e:88,58628,125.39.9.36,2c:b2:1a:55:86:07,2c:b2:1a,19302,17,4,0,0,1.68E+12,1.68E+12,62,2,204,1.68E+12,1.68E+12,0,1,62,1.68E+12,1.68E+12,0,1,142,STUN,Network,1,3,,,,,,network,7042135732
179,0,192.168.2.115,20:1e:88:5e:a0:9c,20:1e:88,58638,125.39.9.36,2c:b2:1a:55:86:07,2c:b2:1a,19302,17,4,0,0,1.68E+12,1.68E+12,62,2,204,1.68E+12,1.68E+12,0,1,62,1.68E+12,1.68E+12,0,1,142,STUN,Network,1,3,,,,,,network,7040038580
180,0,192.168.2.115,20:1e:88:5e:a0:9c,20:1e:88,58628,192.168.0.1,2c:b2:1a:55:86:07,2c:b2:1a,4480,17,4,0,0,1.68E+12,1.68E+12,0,1,154,1.68E+12,1.68E+12,0,1,154,0,0,0,0,0,STUN,Network,1,3,,,,,,network,6800648626
181,0,192.168.2.115,20:1e:88:5e:a0:9c,20:1e:88,58634,220.194.43.5,2c:b2:1a:55:86:07,2c:b2:1a,9628,17,4,0,0,1.68E+12,1.68E+12,7977,127,18034,1.68E+12,1.68E+12,7977,127,18034,0,0,0,0,0,STUN,Network,0,6,,,,,,network,7448826163
182,0,192.168.2.115,20:1e:88:5e:a0:9c,20:1e:88,5872,111.123.54.228,2c:b2:1a:55:86:07,2c:b2:1a,443,6,4,0,0,1.68E+12,1.68E+12,11,2,121,1.68E+12,1.68E+12,0,1,55,1.68E+12,1.68E+12,0,1,66,TLS,Web,1,1,,,,,,web,8547568435
183,0,192.168.2.115,20:1e:88:5e:a0:9c,20:1e:88,5932,106.11.43.246,2c:b2:1a:55:86:07,2c:b2:1a,443,6,4,0,0,1.68E+12,1.68E+12,51,2,121,1.68E+12,1.68E+12,0,1,55,1.68E+12,1.68E+12,0,1,66,TLS,Web,1,1,,,,,,web,7507647795
184,0,192.168.2.115,20:1e:88:5e:a0:9c,20:1e:88,5940,119.0.102.252,2c:b2:1a:55:86:07,2c:b2:1a,443,6,4,0,0,1.68E+12,1.68E+12,17,2,121,1.68E+12,1.68E+12,0,1,55,1.68E+12,1.68E+12,0,1,66,TLS,Web,1,1,,,,,,web,7516028339
185,0,192.168.2.115,20:1e:88:5e:a0:9c,20:1e:88,5713,182.140.246.252,2c:b2:1a:55:86:07,2c:b2:1a,443,6,4,0,0,1.68E+12,1.68E+12,29,2,121,1.68E+12,1.68E+12,0,1,55,1.68E+12,1.68E+12,0,1,66,TLS,Web,1,1,,,,,,web,6979140023
186,0,192.168.2.115,20:1e:88:5e:a0:9c,20:1e:88,5945,106.11.43.158,2c:b2:1a:55:86:07,2c:b2:1a,443,6,4,0,0,1.68E+12,1.68E+12,52,2,121,1.68E+12,1.68E+12,0,1,55,1.68E+12,1.68E+12,0,1,66,TLS,Web,1,1,,,,,,web,6844710326
187,0,192.168.2.115,20:1e:88:5e:a0:9c,20:1e:88,58648,125.39.9.36,2c:b2:1a:55:86:07,2c:b2:1a,19302,17,4,0,0,1.68E+12,1.68E+12,53,2,204,1.68E+12,1.68E+12,0,1,62,1.68E+12,1.68E+12,0,1,142,STUN,Network,1,3,,,,,,network,7042117814
188,0,192.168.2.115,20:1e:88:5e:a0:9c,20:1e:88,58658,125.39.9.36,2c:b2:1a:55:86:07,2c:b2:1a,19302,17,4,0,0,1.68E+12,1.68E+12,61,2,204,1.68E+12,1.68E+12,0,1,62,1.68E+12,1.68E+12,0,1,142,STUN,Network,1,3,,,,,,network,7040021174
189,0,192.168.2.115,20:1e:88:5e:a0:9c,20:1e:88,58656,123.120.237.149,2c:b2:1a:55:86:07,2c:b2:1a,64155,17,4,0,0,1.68E+12,1.68E+12,1308,41,7579,1.68E+12,1.68E+12,1308,21,4101,1.68E+12,1.68E+12,1256,20,3478,STUN,Network,0,6,,,,,,network,8547979057
190,0,192.168.2.115,20:1e:88:5e:a0:9c,20:1e:88,58650,58.20.156.35,2c:b2:1a:55:86:07,2c:b2:1a,4480,17,4,0,0,1.68E+12,1.68E+12,1280,39,6459,1.68E+12,1.68E+12,1280,20,3308,1.68E+12,1.68E+12,1246,19,3151,STUN,Network,0,6,,,,,,network,6912020791
191,0,192.168.2.115,20:1e:88:5e:a0:9c,20:1e:88,58648,192.168.0.1,2c:b2:1a:55:86:07,2c:b2:1a,4480,17,4,0,0,1.68E+12,1.68E+12,1961,5,770,1.68E+12,1.68E+12,1961,5,770,0,0,0,0,0,STUN,Network,0,6,,,,,,network,6809185716
192,0,192.168.2.115,20:1e:88:5e:a0:9c,20:1e:88,58648,124.152.10.130,2c:b2:1a:55:86:07,2c:b2:1a,4480,17,4,0,0,1.68E+12,1.68E+12,1419,38,6349,1.68E+12,1.68E+12,1419,20,3307,1.68E+12,1.68E+12,1366,18,3042,STUN,Network,0,6,,,,,,network,6809266610
193,0,192.168.2.115,20:1e:88:5e:a0:9c,20:1e:88,5968,106.11.43.215,2c:b2:1a:55:86:07,2c:b2:1a,443,6,4,0,0,1.68E+12,1.68E+12,206,15,4143,1.68E+12,1.68E+12,206,8,3216,1.68E+12,1.68E+12,150,7,927,TLS,Web,0,6,ems.youku.com,9d0b3abd1a03cd625d5f41c344f3e596,79d63d20e65217c6056fbf2804b8cdae,,,web,6945427255
